"fltLuci","TotalCyc","GuCyc","FenCyc","StartTime","FenStartTime","FenEndTime","rawLuci","cycLuci"
1,72,57,15,"2018/11/6 0:34","2018/11/6 1:31","2018/11/6 1:45",2,1
2,56,41,15,"2018/11/6 1:46","2018/11/6 2:27","2018/11/6 2:41",3,2
3,67,52,15,"2018/11/6 2:42","2018/11/6 3:34","2018/11/6 3:48",4,3
4,59,45,14,"2018/11/6 3:49","2018/11/6 4:34","2018/11/6 4:47",5,4
5,58,45,13,"2018/11/6 4:48","2018/11/6 5:33","2018/11/6 5:45",6,5
6,65,51,14,"2018/11/6 6:35","2018/11/6 7:26","2018/11/6 7:39",9,8
7,52,38,14,"2018/11/6 7:40","2018/11/6 8:18","2018/11/6 8:31",10,9
8,53,38,15,"2018/11/6 8:32","2018/11/6 9:10","2018/11/6 9:24",11,10
9,66,50,16,"2018/11/6 9:25","2018/11/6 10:15","2018/11/6 10:30",12,11
10,67,52,15,"2018/11/6 12:02","2018/11/6 12:54","2018/11/6 13:08",17,16
11,53,41,12,"2018/11/6 13:09","2018/11/6 13:50","2018/11/6 14:01",18,17
12,56,40,16,"2018/11/6 14:51","2018/11/6 15:31","2018/11/6 15:46",22,21
13,56,41,15,"2018/11/6 15:47","2018/11/6 16:28","2018/11/6 16:42",23,22
14,52,36,16,"2018/11/6 16:43","2018/11/6 17:19","2018/11/6 17:34",24,23
15,67,52,15,"2018/11/6 17:35","2018/11/6 18:27","2018/11/6 18:41",25,24
16,73,59,14,"2018/11/6 18:42","2018/11/6 19:41","2018/11/6 19:54",26,25
17,58,44,14,"2018/11/6 19:55","2018/11/6 20:39","2018/11/6 20:52",27,26
18,61,45,16,"2018/11/6 20:53","2018/11/6 21:38","2018/11/6 21:53",28,27
19,45,30,15,"2018/11/6 21:54","2018/11/6 22:24","2018/11/6 22:38",29,28
20,54,39,15,"2018/11/6 22:39","2018/11/6 23:18","2018/11/6 23:32",30,29
21,60,45,15,"2018/11/6 23:33","2018/11/7 0:18","2018/11/7 0:32",31,30
22,54,39,15,"2018/11/7 0:33","2018/11/7 1:12","2018/11/7 1:26",32,31
23,84,69,15,"2018/11/7 1:27","2018/11/7 2:36","2018/11/7 2:50",33,32
24,52,38,14,"2018/11/7 2:51","2018/11/7 3:29","2018/11/7 3:42",34,33
25,45,31,14,"2018/11/7 3:43","2018/11/7 4:14","2018/11/7 4:27",35,34
26,77,62,15,"2018/11/7 4:28","2018/11/7 5:30","2018/11/7 5:44",36,35
27,81,67,14,"2018/11/7 5:45","2018/11/7 6:52","2018/11/7 7:05",37,36
28,52,36,16,"2018/11/7 7:06","2018/11/7 7:42","2018/11/7 7:57",38,37
29,52,37,15,"2018/11/7 12:06","2018/11/7 12:43","2018/11/7 12:57",43,42
30,60,45,15,"2018/11/7 12:58","2018/11/7 13:43","2018/11/7 13:57",44,43
31,51,35,16,"2018/11/7 13:58","2018/11/7 14:33","2018/11/7 14:48",45,44
32,47,33,14,"2018/11/7 14:49","2018/11/7 15:22","2018/11/7 15:35",46,45
33,59,44,15,"2018/11/7 16:58","2018/11/7 17:42","2018/11/7 17:56",49,48
34,58,44,14,"2018/11/7 18:57","2018/11/7 19:41","2018/11/7 19:54",52,51
35,63,49,14,"2018/11/7 19:55","2018/11/7 20:44","2018/11/7 20:57",53,52
36,60,46,14,"2018/11/7 20:58","2018/11/7 21:44","2018/11/7 21:57",54,53
37,60,46,14,"2018/11/7 21:58","2018/11/7 22:44","2018/11/7 22:57",55,54
38,48,34,14,"2018/11/7 22:58","2018/11/7 23:32","2018/11/7 23:45",56,55
39,43,28,15,"2018/11/7 23:46","2018/11/8 0:14","2018/11/8 0:28",57,56
40,42,28,14,"2018/11/8 0:29","2018/11/8 0:57","2018/11/8 1:10",58,57
41,57,42,15,"2018/11/8 2:38","2018/11/8 3:20","2018/11/8 3:34",60,59
42,66,50,16,"2018/11/8 3:35","2018/11/8 4:25","2018/11/8 4:40",61,60
43,47,33,14,"2018/11/8 4:41","2018/11/8 5:14","2018/11/8 5:27",62,61
44,43,29,14,"2018/11/8 5:28","2018/11/8 5:57","2018/11/8 6:10",63,62
45,44,31,13,"2018/11/8 6:11","2018/11/8 6:42","2018/11/8 6:54",64,63
46,79,67,12,"2018/11/8 8:40","2018/11/8 9:47","2018/11/8 9:58",66,65
47,57,42,15,"2018/11/8 9:59","2018/11/8 10:41","2018/11/8 10:55",67,66
48,60,47,13,"2018/11/8 10:56","2018/11/8 11:43","2018/11/8 11:55",68,67
49,62,49,13,"2018/11/8 11:56","2018/11/8 12:45","2018/11/8 12:57",69,68
50,64,52,12,"2018/11/8 12:58","2018/11/8 13:50","2018/11/8 14:01",70,69
51,73,58,15,"2018/11/8 15:46","2018/11/8 16:44","2018/11/8 16:58",72,71
52,80,65,15,"2018/11/8 16:59","2018/11/8 18:04","2018/11/8 18:18",73,72
53,77,63,14,"2018/11/8 18:19","2018/11/8 19:22","2018/11/8 19:35",74,73
54,54,40,14,"2018/11/8 19:36","2018/11/8 20:16","2018/11/8 20:29",75,74
55,73,59,14,"2018/11/8 20:30","2018/11/8 21:29","2018/11/8 21:42",76,75
56,54,38,16,"2018/11/8 21:43","2018/11/8 22:21","2018/11/8 22:36",77,76
57,47,32,15,"2018/11/8 22:37","2018/11/8 23:09","2018/11/8 23:23",78,77
58,56,38,18,"2018/11/8 23:24","2018/11/9 0:02","2018/11/9 0:19",79,78
59,59,45,14,"2018/11/9 3:21","2018/11/9 4:06","2018/11/9 4:19",81,80
60,51,35,16,"2018/11/9 4:20","2018/11/9 4:55","2018/11/9 5:10",82,81
61,74,57,17,"2018/11/9 5:11","2018/11/9 6:08","2018/11/9 6:24",83,82
62,52,36,16,"2018/11/9 6:25","2018/11/9 7:01","2018/11/9 7:16",84,83
63,42,28,14,"2018/11/9 7:17","2018/11/9 7:45","2018/11/9 7:58",85,84
64,75,61,14,"2018/11/9 7:59","2018/11/9 9:00","2018/11/9 9:13",86,85
65,54,38,16,"2018/11/9 10:25","2018/11/9 11:03","2018/11/9 11:18",89,88
66,85,69,16,"2018/11/9 11:19","2018/11/9 12:28","2018/11/9 12:43",90,89
67,48,34,14,"2018/11/9 12:44","2018/11/9 13:18","2018/11/9 13:31",91,90
68,46,30,16,"2018/11/9 13:32","2018/11/9 14:02","2018/11/9 14:17",92,91
69,57,42,15,"2018/11/9 14:18","2018/11/9 15:00","2018/11/9 15:14",93,92
70,78,62,16,"2018/11/9 15:15","2018/11/9 16:17","2018/11/9 16:32",94,93
71,58,42,16,"2018/11/9 16:33","2018/11/9 17:15","2018/11/9 17:30",95,94
72,80,63,17,"2018/11/9 17:31","2018/11/9 18:34","2018/11/9 18:50",96,95
73,66,51,15,"2018/11/9 18:51","2018/11/9 19:42","2018/11/9 19:56",97,96
74,56,41,15,"2018/11/9 19:57","2018/11/9 20:38","2018/11/9 20:52",98,97
75,64,49,15,"2018/11/9 20:53","2018/11/9 21:42","2018/11/9 21:56",99,98
76,57,41,16,"2018/11/9 21:57","2018/11/9 22:38","2018/11/9 22:53",100,99
77,51,34,17,"2018/11/9 22:54","2018/11/9 23:28","2018/11/9 23:44",101,100
78,50,33,17,"2018/11/9 23:45","2018/11/10 0:18","2018/11/10 0:34",102,101
79,53,38,15,"2018/11/10 0:35","2018/11/10 1:13","2018/11/10 1:27",103,102
80,53,40,13,"2018/11/10 2:55","2018/11/10 3:35","2018/11/10 3:47",105,104
81,74,60,14,"2018/11/10 4:53","2018/11/10 5:53","2018/11/10 6:06",107,106
82,20,10,10,"2018/11/10 6:44","2018/11/10 6:54","2018/11/10 7:03",109,108
83,51,38,13,"2018/11/10 7:04","2018/11/10 7:42","2018/11/10 7:54",110,109
84,53,41,12,"2018/11/10 7:55","2018/11/10 8:36","2018/11/10 8:47",111,110
85,77,62,15,"2018/11/10 8:48","2018/11/10 9:50","2018/11/10 10:04",112,111
86,61,45,16,"2018/11/10 10:05","2018/11/10 10:50","2018/11/10 11:05",113,112
87,83,67,16,"2018/11/10 11:06","2018/11/10 12:13","2018/11/10 12:28",114,113
88,47,31,16,"2018/11/10 12:29","2018/11/10 13:00","2018/11/10 13:15",115,114
89,46,30,16,"2018/11/10 13:16","2018/11/10 13:46","2018/11/10 14:01",116,115
90,59,44,15,"2018/11/10 14:02","2018/11/10 14:46","2018/11/10 15:00",117,116
91,51,36,15,"2018/11/10 15:01","2018/11/10 15:37","2018/11/10 15:51",118,117
92,47,32,15,"2018/11/10 15:52","2018/11/10 16:24","2018/11/10 16:38",119,118
93,61,44,17,"2018/11/10 16:39","2018/11/10 17:23","2018/11/10 17:39",120,119
94,51,35,16,"2018/11/10 17:40","2018/11/10 18:15","2018/11/10 18:30",121,120
95,43,28,15,"2018/11/10 18:31","2018/11/10 18:59","2018/11/10 19:13",122,121
96,45,30,15,"2018/11/10 19:14","2018/11/10 19:44","2018/11/10 19:58",123,122
97,64,46,18,"2018/11/10 19:59","2018/11/10 20:45","2018/11/10 21:02",124,123
98,46,30,16,"2018/11/10 21:03","2018/11/10 21:33","2018/11/10 21:48",125,124
99,50,33,17,"2018/11/10 21:49","2018/11/10 22:22","2018/11/10 22:38",126,125
100,52,36,16,"2018/11/10 22:39","2018/11/10 23:15","2018/11/10 23:30",127,126
101,71,54,17,"2018/11/10 23:31","2018/11/11 0:25","2018/11/11 0:41",128,127
102,46,31,15,"2018/11/11 0:42","2018/11/11 1:13","2018/11/11 1:27",129,128
103,49,33,16,"2018/11/11 1:28","2018/11/11 2:01","2018/11/11 2:16",130,129
104,62,46,16,"2018/11/11 2:17","2018/11/11 3:03","2018/11/11 3:18",131,130
105,49,33,16,"2018/11/11 3:19","2018/11/11 3:52","2018/11/11 4:07",132,131
106,67,51,16,"2018/11/11 4:08","2018/11/11 4:59","2018/11/11 5:14",133,132
107,66,50,16,"2018/11/11 5:15","2018/11/11 6:05","2018/11/11 6:20",134,133
108,47,31,16,"2018/11/11 6:21","2018/11/11 6:52","2018/11/11 7:07",135,134
109,49,34,15,"2018/11/11 7:08","2018/11/11 7:42","2018/11/11 7:56",136,135
110,52,39,13,"2018/11/11 7:57","2018/11/11 8:36","2018/11/11 8:48",137,136
111,62,49,13,"2018/11/11 8:49","2018/11/11 9:38","2018/11/11 9:50",138,137
112,48,34,14,"2018/11/11 9:51","2018/11/11 10:25","2018/11/11 10:38",139,138
113,69,56,13,"2018/11/11 10:39","2018/11/11 11:35","2018/11/11 11:47",140,139
114,50,36,14,"2018/11/11 13:50","2018/11/11 14:26","2018/11/11 14:39",142,141
115,52,38,14,"2018/11/11 14:40","2018/11/11 15:18","2018/11/11 15:31",143,142
116,43,27,16,"2018/11/11 15:32","2018/11/11 15:59","2018/11/11 16:14",144,143
117,84,69,15,"2018/11/11 16:15","2018/11/11 17:24","2018/11/11 17:38",145,144
118,58,40,18,"2018/11/11 17:39","2018/11/11 18:19","2018/11/11 18:36",146,145
119,41,26,15,"2018/11/11 18:37","2018/11/11 19:03","2018/11/11 19:17",147,146
120,40,27,13,"2018/11/11 19:18","2018/11/11 19:45","2018/11/11 19:57",148,147
121,80,65,15,"2018/11/11 19:58","2018/11/11 21:03","2018/11/11 21:17",149,148
122,64,49,15,"2018/11/11 21:18","2018/11/11 22:07","2018/11/11 22:21",150,149
123,53,37,16,"2018/11/11 22:22","2018/11/11 22:59","2018/11/11 23:14",151,150
124,49,34,15,"2018/11/11 23:15","2018/11/11 23:49","2018/11/12 0:03",152,151
125,46,31,15,"2018/11/12 0:04","2018/11/12 0:35","2018/11/12 0:49",153,152
126,57,42,15,"2018/11/12 0:50","2018/11/12 1:32","2018/11/12 1:46",154,153
127,57,42,15,"2018/11/12 1:47","2018/11/12 2:29","2018/11/12 2:43",155,154
128,60,45,15,"2018/11/12 2:44","2018/11/12 3:29","2018/11/12 3:43",156,155
129,67,53,14,"2018/11/12 3:44","2018/11/12 4:37","2018/11/12 4:50",157,156
130,54,39,15,"2018/11/12 4:51","2018/11/12 5:30","2018/11/12 5:44",158,157
131,58,43,15,"2018/11/12 5:45","2018/11/12 6:28","2018/11/12 6:42",159,158
132,63,48,15,"2018/11/12 6:43","2018/11/12 7:31","2018/11/12 7:45",160,159
133,57,43,14,"2018/11/12 7:46","2018/11/12 8:29","2018/11/12 8:42",161,160
134,63,48,15,"2018/11/12 8:43","2018/11/12 9:31","2018/11/12 9:45",162,161
135,53,39,14,"2018/11/12 9:46","2018/11/12 10:25","2018/11/12 10:38",163,162
136,53,39,14,"2018/11/12 11:51","2018/11/12 12:30","2018/11/12 12:43",166,165
137,51,38,13,"2018/11/12 12:44","2018/11/12 13:22","2018/11/12 13:34",167,166
138,52,37,15,"2018/11/12 13:35","2018/11/12 14:12","2018/11/12 14:26",168,167
139,45,31,14,"2018/11/12 14:27","2018/11/12 14:58","2018/11/12 15:11",169,168
140,49,34,15,"2018/11/12 15:12","2018/11/12 15:46","2018/11/12 16:00",170,169
141,49,34,15,"2018/11/12 19:07","2018/11/12 19:41","2018/11/12 19:55",173,172
142,58,44,14,"2018/11/12 19:56","2018/11/12 20:40","2018/11/12 20:53",174,173
143,51,37,14,"2018/11/12 20:54","2018/11/12 21:31","2018/11/12 21:44",175,174
144,46,30,16,"2018/11/12 21:45","2018/11/12 22:15","2018/11/12 22:30",176,175
145,69,52,17,"2018/11/12 22:31","2018/11/12 23:23","2018/11/12 23:39",177,176
146,63,48,15,"2018/11/12 23:40","2018/11/13 0:28","2018/11/13 0:42",178,177
147,51,36,15,"2018/11/13 0:43","2018/11/13 1:19","2018/11/13 1:33",179,178
148,69,53,16,"2018/11/13 1:34","2018/11/13 2:27","2018/11/13 2:42",180,179
149,48,34,14,"2018/11/13 2:43","2018/11/13 3:17","2018/11/13 3:30",181,180
150,55,38,17,"2018/11/13 4:57","2018/11/13 5:35","2018/11/13 5:51",183,182
151,61,45,16,"2018/11/13 5:52","2018/11/13 6:37","2018/11/13 6:52",184,183
152,45,30,15,"2018/11/13 6:53","2018/11/13 7:23","2018/11/13 7:37",185,184
153,54,40,14,"2018/11/13 18:01","2018/11/13 18:41","2018/11/13 18:54",188,187
154,55,40,15,"2018/11/13 18:55","2018/11/13 19:35","2018/11/13 19:49",189,188
155,48,34,14,"2018/11/13 20:45","2018/11/13 21:19","2018/11/13 21:32",192,191
156,48,30,18,"2018/11/13 21:33","2018/11/13 22:03","2018/11/13 22:20",193,192
157,64,48,16,"2018/11/13 22:21","2018/11/13 23:09","2018/11/13 23:24",194,193
158,49,31,18,"2018/11/13 23:25","2018/11/13 23:56","2018/11/14 0:13",195,194
159,50,32,18,"2018/11/14 0:14","2018/11/14 0:46","2018/11/14 1:03",196,195
160,53,36,17,"2018/11/14 3:24","2018/11/14 4:00","2018/11/14 4:16",201,200
161,48,32,16,"2018/11/14 4:17","2018/11/14 4:49","2018/11/14 5:04",202,201
162,55,39,16,"2018/11/14 5:05","2018/11/14 5:44","2018/11/14 5:59",203,202
163,61,48,13,"2018/11/14 6:00","2018/11/14 6:48","2018/11/14 7:00",204,203
164,57,44,13,"2018/11/14 7:01","2018/11/14 7:45","2018/11/14 7:57",205,204
165,58,46,12,"2018/11/14 7:58","2018/11/14 8:44","2018/11/14 8:55",206,205
166,51,39,12,"2018/11/14 8:56","2018/11/14 9:35","2018/11/14 9:46",207,206
167,55,42,13,"2018/11/14 12:11","2018/11/14 12:53","2018/11/14 13:05",210,209
168,62,47,15,"2018/11/14 13:06","2018/11/14 13:53","2018/11/14 14:07",211,210
169,57,42,15,"2018/11/14 14:08","2018/11/14 14:50","2018/11/14 15:04",212,211
170,54,40,14,"2018/11/14 15:05","2018/11/14 15:45","2018/11/14 15:58",213,212
171,47,33,14,"2018/11/14 15:59","2018/11/14 16:32","2018/11/14 16:45",214,213
172,55,42,13,"2018/11/14 16:46","2018/11/14 17:28","2018/11/14 17:40",215,214
173,45,30,15,"2018/11/14 19:13","2018/11/14 19:43","2018/11/14 19:57",217,216
174,53,38,15,"2018/11/14 19:58","2018/11/14 20:36","2018/11/14 20:50",218,217
175,55,40,15,"2018/11/14 21:39","2018/11/14 22:19","2018/11/14 22:33",221,220
176,53,38,15,"2018/11/14 22:34","2018/11/14 23:12","2018/11/14 23:26",222,221
177,57,43,14,"2018/11/15 0:39","2018/11/15 1:22","2018/11/15 1:35",225,224
178,54,40,14,"2018/11/15 1:36","2018/11/15 2:16","2018/11/15 2:29",226,225
179,61,46,15,"2018/11/15 3:38","2018/11/15 4:24","2018/11/15 4:38",229,228
180,50,36,14,"2018/11/15 4:39","2018/11/15 5:15","2018/11/15 5:28",230,229
181,52,35,17,"2018/11/15 5:29","2018/11/15 6:04","2018/11/15 6:20",231,230
182,58,43,15,"2018/11/15 7:56","2018/11/15 8:39","2018/11/15 8:53",233,232
183,51,35,16,"2018/11/15 15:46","2018/11/15 16:21","2018/11/15 16:36",239,238
184,50,35,15,"2018/11/15 16:37","2018/11/15 17:12","2018/11/15 17:26",240,239
185,50,35,15,"2018/11/15 17:27","2018/11/15 18:02","2018/11/15 18:16",241,240
186,51,36,15,"2018/11/15 18:17","2018/11/15 18:53","2018/11/15 19:07",242,241
187,49,34,15,"2018/11/15 19:08","2018/11/15 19:42","2018/11/15 19:56",243,242
188,70,54,16,"2018/11/15 22:08","2018/11/15 23:02","2018/11/15 23:17",248,247
189,48,33,15,"2018/11/15 23:18","2018/11/15 23:51","2018/11/16 0:05",249,248
190,51,35,16,"2018/11/16 0:06","2018/11/16 0:41","2018/11/16 0:56",250,249
191,54,39,15,"2018/11/16 0:57","2018/11/16 1:36","2018/11/16 1:50",251,250
192,41,31,10,"2018/11/16 1:51","2018/11/16 2:22","2018/11/16 2:31",252,251
193,71,55,16,"2018/11/16 2:32","2018/11/16 3:27","2018/11/16 3:42",253,252
194,51,35,16,"2018/11/16 3:43","2018/11/16 4:18","2018/11/16 4:33",254,253
195,45,29,16,"2018/11/16 4:34","2018/11/16 5:03","2018/11/16 5:18",255,254
196,46,31,15,"2018/11/16 5:19","2018/11/16 5:50","2018/11/16 6:04",256,255
197,47,33,14,"2018/11/16 6:05","2018/11/16 6:38","2018/11/16 6:51",257,256
198,46,31,15,"2018/11/16 6:52","2018/11/16 7:23","2018/11/16 7:37",258,257
199,57,42,15,"2018/11/16 7:38","2018/11/16 8:20","2018/11/16 8:34",259,258
200,63,49,14,"2018/11/16 8:35","2018/11/16 9:24","2018/11/16 9:37",260,259
201,68,54,14,"2018/11/16 9:38","2018/11/16 10:32","2018/11/16 10:45",261,260
202,48,35,13,"2018/11/16 11:52","2018/11/16 12:27","2018/11/16 12:39",264,263
203,48,34,14,"2018/11/16 14:19","2018/11/16 14:53","2018/11/16 15:06",266,265
204,73,60,13,"2018/11/16 15:07","2018/11/16 16:07","2018/11/16 16:19",267,266
205,56,42,14,"2018/11/16 16:20","2018/11/16 17:02","2018/11/16 17:15",268,267
206,62,49,13,"2018/11/16 19:39","2018/11/16 20:28","2018/11/16 20:40",272,271
207,48,34,14,"2018/11/16 22:09","2018/11/16 22:43","2018/11/16 22:56",274,273
208,51,37,14,"2018/11/16 22:57","2018/11/16 23:34","2018/11/16 23:47",275,274
209,75,61,14,"2018/11/16 23:48","2018/11/17 0:49","2018/11/17 1:02",276,275
210,57,44,13,"2018/11/17 1:03","2018/11/17 1:47","2018/11/17 1:59",277,276
211,55,41,14,"2018/11/17 2:00","2018/11/17 2:41","2018/11/17 2:54",278,277
212,73,58,15,"2018/11/17 2:55","2018/11/17 3:53","2018/11/17 4:07",279,278
213,57,42,15,"2018/11/17 4:08","2018/11/17 4:50","2018/11/17 5:04",280,279
214,54,39,15,"2018/11/17 5:05","2018/11/17 5:44","2018/11/17 5:58",281,280
215,63,48,15,"2018/11/17 5:59","2018/11/17 6:47","2018/11/17 7:01",282,281
216,47,34,13,"2018/11/17 7:02","2018/11/17 7:36","2018/11/17 7:48",283,282
217,52,37,15,"2018/11/17 7:49","2018/11/17 8:26","2018/11/17 8:40",284,283
218,55,40,15,"2018/11/17 8:41","2018/11/17 9:21","2018/11/17 9:35",285,284
219,51,38,13,"2018/11/17 9:36","2018/11/17 10:14","2018/11/17 10:26",286,285
220,54,39,15,"2018/11/17 10:27","2018/11/17 11:06","2018/11/17 11:20",287,286
221,62,47,15,"2018/11/17 11:21","2018/11/17 12:08","2018/11/17 12:22",288,287
222,53,38,15,"2018/11/17 12:23","2018/11/17 13:01","2018/11/17 13:15",289,288
223,50,38,12,"2018/11/17 13:16","2018/11/17 13:54","2018/11/17 14:05",290,289
224,65,49,16,"2018/11/17 14:06","2018/11/17 14:55","2018/11/17 15:10",291,290
225,57,42,15,"2018/11/17 15:11","2018/11/17 15:53","2018/11/17 16:07",292,291
226,71,56,15,"2018/11/17 17:46","2018/11/17 18:42","2018/11/17 18:56",298,297
227,58,43,15,"2018/11/17 18:57","2018/11/17 19:40","2018/11/17 19:54",299,298
228,54,41,13,"2018/11/17 19:55","2018/11/17 20:36","2018/11/17 20:48",300,299
229,63,47,16,"2018/11/17 23:13","2018/11/18 0:00","2018/11/18 0:15",302,301
230,49,36,13,"2018/11/18 1:19","2018/11/18 1:55","2018/11/18 2:07",305,304
231,47,32,15,"2018/11/18 2:08","2018/11/18 2:40","2018/11/18 2:54",306,305
232,47,34,13,"2018/11/18 4:30","2018/11/18 5:04","2018/11/18 5:16",308,307
233,52,38,14,"2018/11/18 5:17","2018/11/18 5:55","2018/11/18 6:08",309,308
234,73,58,15,"2018/11/18 6:09","2018/11/18 7:07","2018/11/18 7:21",310,309
235,55,40,15,"2018/11/18 7:22","2018/11/18 8:02","2018/11/18 8:16",311,310
236,50,34,16,"2018/11/18 8:17","2018/11/18 8:51","2018/11/18 9:06",312,311
237,56,41,15,"2018/11/18 9:07","2018/11/18 9:48","2018/11/18 10:02",313,312
238,53,39,14,"2018/11/18 11:48","2018/11/18 12:27","2018/11/18 12:40",315,314
239,47,32,15,"2018/11/18 12:41","2018/11/18 13:13","2018/11/18 13:27",316,315
240,51,36,15,"2018/11/18 13:28","2018/11/18 14:04","2018/11/18 14:18",317,316
241,53,38,15,"2018/11/18 14:19","2018/11/18 14:57","2018/11/18 15:11",318,317
242,47,32,15,"2018/11/18 15:12","2018/11/18 15:44","2018/11/18 15:58",319,318
243,67,52,15,"2018/11/18 15:59","2018/11/18 16:51","2018/11/18 17:05",320,319
244,47,34,13,"2018/11/18 17:06","2018/11/18 17:40","2018/11/18 17:52",321,320
245,52,38,14,"2018/11/18 17:53","2018/11/18 18:31","2018/11/18 18:44",322,321
246,56,41,15,"2018/11/18 18:45","2018/11/18 19:26","2018/11/18 19:40",323,322
247,58,43,15,"2018/11/18 19:41","2018/11/18 20:24","2018/11/18 20:38",324,323
248,75,59,16,"2018/11/18 22:08","2018/11/18 23:07","2018/11/18 23:22",326,325
249,48,32,16,"2018/11/18 23:23","2018/11/18 23:55","2018/11/19 0:10",327,326
250,74,59,15,"2018/11/19 0:11","2018/11/19 1:10","2018/11/19 1:24",328,327
251,60,46,14,"2018/11/19 1:25","2018/11/19 2:11","2018/11/19 2:24",329,328
252,46,30,16,"2018/11/19 3:56","2018/11/19 4:26","2018/11/19 4:41",332,331
253,59,42,17,"2018/11/19 4:42","2018/11/19 5:24","2018/11/19 5:40",333,332
254,51,36,15,"2018/11/19 5:41","2018/11/19 6:17","2018/11/19 6:31",334,333
255,54,38,16,"2018/11/19 6:32","2018/11/19 7:10","2018/11/19 7:25",335,334
256,77,63,14,"2018/11/19 7:26","2018/11/19 8:29","2018/11/19 8:42",336,335
257,52,37,15,"2018/11/19 9:41","2018/11/19 10:18","2018/11/19 10:32",339,338
258,60,46,14,"2018/11/19 10:33","2018/11/19 11:19","2018/11/19 11:32",340,339
259,62,47,15,"2018/11/19 11:33","2018/11/19 12:20","2018/11/19 12:34",341,340
260,66,52,14,"2018/11/19 12:35","2018/11/19 13:27","2018/11/19 13:40",342,341
261,68,53,15,"2018/11/19 13:41","2018/11/19 14:34","2018/11/19 14:48",343,342
262,53,38,15,"2018/11/19 16:53","2018/11/19 17:31","2018/11/19 17:45",345,344
263,61,47,14,"2018/11/19 17:46","2018/11/19 18:33","2018/11/19 18:46",346,345
264,52,38,14,"2018/11/19 18:47","2018/11/19 19:25","2018/11/19 19:38",347,346
265,76,61,15,"2018/11/19 19:39","2018/11/19 20:40","2018/11/19 20:54",348,347
266,52,38,14,"2018/11/19 20:55","2018/11/19 21:33","2018/11/19 21:46",349,348
267,59,45,14,"2018/11/19 21:47","2018/11/19 22:32","2018/11/19 22:45",350,349
268,56,42,14,"2018/11/20 0:17","2018/11/20 0:59","2018/11/20 1:12",352,351
269,53,38,15,"2018/11/20 1:13","2018/11/20 1:51","2018/11/20 2:05",353,352
270,55,39,16,"2018/11/20 2:06","2018/11/20 2:45","2018/11/20 3:00",354,353
271,63,48,15,"2018/11/20 4:40","2018/11/20 5:28","2018/11/20 5:42",356,355
272,82,67,15,"2018/11/20 7:20","2018/11/20 8:27","2018/11/20 8:41",358,357
273,53,39,14,"2018/11/20 12:53","2018/11/20 13:32","2018/11/20 13:45",360,359
274,50,35,15,"2018/11/20 13:46","2018/11/20 14:21","2018/11/20 14:35",361,360
275,45,31,14,"2018/11/20 14:36","2018/11/20 15:07","2018/11/20 15:20",362,361
276,53,39,14,"2018/11/20 15:21","2018/11/20 16:00","2018/11/20 16:13",363,362
277,63,49,14,"2018/11/20 16:14","2018/11/20 17:03","2018/11/20 17:16",364,363
278,53,38,15,"2018/11/20 17:17","2018/11/20 17:55","2018/11/20 18:09",365,364
279,46,32,14,"2018/11/20 18:10","2018/11/20 18:42","2018/11/20 18:55",366,365
280,56,41,15,"2018/11/20 18:56","2018/11/20 19:37","2018/11/20 19:51",367,366
281,51,35,16,"2018/11/20 19:52","2018/11/20 20:27","2018/11/20 20:42",368,367
282,45,30,15,"2018/11/20 20:43","2018/11/20 21:13","2018/11/20 21:27",369,368
283,48,31,17,"2018/11/20 21:28","2018/11/20 21:59","2018/11/20 22:15",370,369
284,57,43,14,"2018/11/20 22:16","2018/11/20 22:59","2018/11/20 23:12",371,370
285,21,10,11,"2018/11/21 0:58","2018/11/21 1:08","2018/11/21 1:18",375,374
286,21,10,11,"2018/11/21 1:56","2018/11/21 2:06","2018/11/21 2:16",377,376
287,22,11,11,"2018/11/21 3:18","2018/11/21 3:29","2018/11/21 3:39",379,378
288,44,30,14,"2018/11/21 3:40","2018/11/21 4:10","2018/11/21 4:23",380,379
289,50,36,14,"2018/11/21 6:26","2018/11/21 7:02","2018/11/21 7:15",382,381
290,67,51,16,"2018/11/21 7:16","2018/11/21 8:07","2018/11/21 8:22",383,382
291,73,59,14,"2018/11/21 8:23","2018/11/21 9:22","2018/11/21 9:35",384,383
292,64,48,16,"2018/11/21 9:36","2018/11/21 10:24","2018/11/21 10:39",385,384
293,62,46,16,"2018/11/21 14:15","2018/11/21 15:01","2018/11/21 15:16",388,387
294,62,47,15,"2018/11/21 16:14","2018/11/21 17:01","2018/11/21 17:15",391,390
295,47,33,14,"2018/11/21 17:16","2018/11/21 17:49","2018/11/21 18:02",392,391
296,47,32,15,"2018/11/21 18:03","2018/11/21 18:35","2018/11/21 18:49",393,392
297,64,51,13,"2018/11/21 18:50","2018/11/21 19:41","2018/11/21 19:53",394,393
298,70,58,12,"2018/11/21 19:54","2018/11/21 20:52","2018/11/21 21:03",395,394
299,46,32,14,"2018/11/21 21:04","2018/11/21 21:36","2018/11/21 21:49",396,395
300,63,48,15,"2018/11/21 21:50","2018/11/21 22:38","2018/11/21 22:52",397,396
301,64,49,15,"2018/11/21 22:53","2018/11/21 23:42","2018/11/21 23:56",398,397
302,53,38,15,"2018/11/22 6:31","2018/11/22 7:09","2018/11/22 7:23",404,403
303,34,21,13,"2018/11/22 7:24","2018/11/22 7:45","2018/11/22 7:57",405,404
304,77,63,14,"2018/11/22 7:58","2018/11/22 9:01","2018/11/22 9:14",406,405
305,50,35,15,"2018/11/22 9:15","2018/11/22 9:50","2018/11/22 10:04",407,406
306,55,43,12,"2018/11/22 10:05","2018/11/22 10:48","2018/11/22 10:59",408,407
307,40,25,15,"2018/11/22 12:42","2018/11/22 13:07","2018/11/22 13:21",413,412
308,49,34,15,"2018/11/22 13:22","2018/11/22 13:56","2018/11/22 14:10",414,413
309,42,28,14,"2018/11/22 14:11","2018/11/22 14:39","2018/11/22 14:52",415,414
310,42,27,15,"2018/11/22 14:53","2018/11/22 15:20","2018/11/22 15:34",416,415
311,59,45,14,"2018/11/22 15:35","2018/11/22 16:20","2018/11/22 16:33",417,416
312,75,59,16,"2018/11/22 16:34","2018/11/22 17:33","2018/11/22 17:48",418,417
313,54,40,14,"2018/11/22 18:52","2018/11/22 19:32","2018/11/22 19:45",421,420
314,47,33,14,"2018/11/22 19:46","2018/11/22 20:19","2018/11/22 20:32",422,421
315,52,40,12,"2018/11/22 20:33","2018/11/22 21:13","2018/11/22 21:24",423,422
316,61,47,14,"2018/11/22 21:25","2018/11/22 22:12","2018/11/22 22:25",424,423
317,53,38,15,"2018/11/23 0:44","2018/11/23 1:22","2018/11/23 1:36",426,425
318,49,33,16,"2018/11/23 1:37","2018/11/23 2:10","2018/11/23 2:25",427,426
319,51,36,15,"2018/11/23 2:26","2018/11/23 3:02","2018/11/23 3:16",428,427
320,55,40,15,"2018/11/23 3:17","2018/11/23 3:57","2018/11/23 4:11",429,428
321,49,34,15,"2018/11/23 4:12","2018/11/23 4:46","2018/11/23 5:00",430,429
322,49,34,15,"2018/11/23 5:01","2018/11/23 5:35","2018/11/23 5:49",431,430
323,47,34,13,"2018/11/23 5:50","2018/11/23 6:24","2018/11/23 6:36",432,431
324,48,33,15,"2018/11/23 6:37","2018/11/23 7:10","2018/11/23 7:24",433,432
325,60,46,14,"2018/11/23 7:25","2018/11/23 8:11","2018/11/23 8:24",434,433
326,52,37,15,"2018/11/23 8:25","2018/11/23 9:02","2018/11/23 9:16",435,434
327,82,67,15,"2018/11/23 9:17","2018/11/23 10:24","2018/11/23 10:38",436,435
328,73,58,15,"2018/11/23 10:39","2018/11/23 11:37","2018/11/23 11:51",437,436
329,52,36,16,"2018/11/23 11:52","2018/11/23 12:28","2018/11/23 12:43",438,437
330,57,40,17,"2018/11/23 12:44","2018/11/23 13:24","2018/11/23 13:40",439,438
331,77,61,16,"2018/11/23 13:41","2018/11/23 14:42","2018/11/23 14:57",440,439
332,63,47,16,"2018/11/23 14:58","2018/11/23 15:45","2018/11/23 16:00",441,440
333,50,34,16,"2018/11/23 16:01","2018/11/23 16:35","2018/11/23 16:50",442,441
334,78,64,14,"2018/11/23 16:51","2018/11/23 17:55","2018/11/23 18:08",443,442
335,63,50,13,"2018/11/23 18:09","2018/11/23 18:59","2018/11/23 19:11",444,443
336,47,32,15,"2018/11/23 19:12","2018/11/23 19:44","2018/11/23 19:58",445,444
337,53,39,14,"2018/11/23 19:59","2018/11/23 20:38","2018/11/23 20:51",446,445
338,57,41,16,"2018/11/23 20:52","2018/11/23 21:33","2018/11/23 21:48",447,446
339,47,32,15,"2018/11/23 21:49","2018/11/23 22:21","2018/11/23 22:35",448,447
340,77,61,16,"2018/11/23 23:50","2018/11/24 0:51","2018/11/24 1:06",451,450
341,55,40,15,"2018/11/24 1:07","2018/11/24 1:47","2018/11/24 2:01",452,451
342,51,36,15,"2018/11/24 2:02","2018/11/24 2:38","2018/11/24 2:52",453,452
343,73,58,15,"2018/11/24 2:53","2018/11/24 3:51","2018/11/24 4:05",454,453
344,73,58,15,"2018/11/24 4:06","2018/11/24 5:04","2018/11/24 5:18",455,454
345,65,49,16,"2018/11/24 5:19","2018/11/24 6:08","2018/11/24 6:23",456,455
346,46,32,14,"2018/11/24 6:24","2018/11/24 6:56","2018/11/24 7:09",457,456
347,44,29,15,"2018/11/24 7:10","2018/11/24 7:39","2018/11/24 7:53",458,457
348,68,52,16,"2018/11/24 9:27","2018/11/24 10:19","2018/11/24 10:34",460,459
349,50,35,15,"2018/11/24 10:35","2018/11/24 11:10","2018/11/24 11:24",461,460
350,69,54,15,"2018/11/24 11:25","2018/11/24 12:19","2018/11/24 12:33",462,461
351,62,49,13,"2018/11/24 12:34","2018/11/24 13:23","2018/11/24 13:35",463,462
352,64,48,16,"2018/11/24 13:36","2018/11/24 14:24","2018/11/24 14:39",464,463
353,55,41,14,"2018/11/24 14:40","2018/11/24 15:21","2018/11/24 15:34",465,464
354,57,42,15,"2018/11/24 15:35","2018/11/24 16:17","2018/11/24 16:31",466,465
355,55,37,18,"2018/11/24 16:32","2018/11/24 17:09","2018/11/24 17:26",467,466
356,45,30,15,"2018/11/24 17:27","2018/11/24 17:57","2018/11/24 18:11",468,467
357,58,43,15,"2018/11/24 18:12","2018/11/24 18:55","2018/11/24 19:09",469,468
358,42,29,13,"2018/11/24 19:10","2018/11/24 19:39","2018/11/24 19:51",470,469
359,54,38,16,"2018/11/24 21:29","2018/11/24 22:07","2018/11/24 22:22",472,471
360,44,29,15,"2018/11/24 22:23","2018/11/24 22:52","2018/11/24 23:06",473,472
361,46,30,16,"2018/11/24 23:07","2018/11/24 23:37","2018/11/24 23:52",474,473
362,62,48,14,"2018/11/24 23:53","2018/11/25 0:41","2018/11/25 0:54",475,474
363,48,33,15,"2018/11/25 0:55","2018/11/25 1:28","2018/11/25 1:42",476,475
364,56,41,15,"2018/11/25 4:41","2018/11/25 5:22","2018/11/25 5:36",479,478
365,50,34,16,"2018/11/25 5:37","2018/11/25 6:11","2018/11/25 6:26",480,479
366,61,45,16,"2018/11/25 6:27","2018/11/25 7:12","2018/11/25 7:27",481,480
367,65,50,15,"2018/11/25 7:28","2018/11/25 8:18","2018/11/25 8:32",482,481
368,69,54,15,"2018/11/25 8:33","2018/11/25 9:27","2018/11/25 9:41",483,482
369,56,41,15,"2018/11/25 9:42","2018/11/25 10:23","2018/11/25 10:37",484,483
370,55,44,11,"2018/11/25 10:38","2018/11/25 11:22","2018/11/25 11:32",485,484
371,57,42,15,"2018/11/25 11:45","2018/11/25 12:27","2018/11/25 12:41",487,486
372,58,42,16,"2018/11/25 12:42","2018/11/25 13:24","2018/11/25 13:39",488,487
373,78,62,16,"2018/11/25 13:40","2018/11/25 14:42","2018/11/25 14:57",489,488
374,61,46,15,"2018/11/25 16:25","2018/11/25 17:11","2018/11/25 17:25",491,490
375,52,38,14,"2018/11/25 17:26","2018/11/25 18:04","2018/11/25 18:17",492,491
376,59,45,14,"2018/11/25 18:18","2018/11/25 19:03","2018/11/25 19:16",493,492
377,42,30,12,"2018/11/25 19:17","2018/11/25 19:47","2018/11/25 19:58",494,493
378,52,38,14,"2018/11/25 21:34","2018/11/25 22:12","2018/11/25 22:25",496,495
379,54,39,15,"2018/11/25 22:26","2018/11/25 23:05","2018/11/25 23:19",497,496
380,46,32,14,"2018/11/25 23:20","2018/11/25 23:52","2018/11/26 0:05",498,497
381,56,41,15,"2018/11/26 0:06","2018/11/26 0:47","2018/11/26 1:01",499,498
382,59,43,16,"2018/11/26 1:02","2018/11/26 1:45","2018/11/26 2:00",500,499
383,56,41,15,"2018/11/26 2:01","2018/11/26 2:42","2018/11/26 2:56",501,500
384,66,51,15,"2018/11/26 4:29","2018/11/26 5:20","2018/11/26 5:34",503,502
385,56,42,14,"2018/11/26 5:35","2018/11/26 6:17","2018/11/26 6:30",504,503
386,71,57,14,"2018/11/26 6:31","2018/11/26 7:28","2018/11/26 7:41",505,504
387,62,48,14,"2018/11/26 7:42","2018/11/26 8:30","2018/11/26 8:43",506,505
388,53,40,13,"2018/11/26 8:44","2018/11/26 9:24","2018/11/26 9:36",507,506
389,74,59,15,"2018/11/26 9:37","2018/11/26 10:36","2018/11/26 10:50",508,507
390,55,40,15,"2018/11/26 10:51","2018/11/26 11:31","2018/11/26 11:45",509,508
391,56,41,15,"2018/11/26 11:46","2018/11/26 12:27","2018/11/26 12:41",510,509
392,68,55,13,"2018/11/26 12:42","2018/11/26 13:37","2018/11/26 13:49",511,510
393,46,32,14,"2018/11/26 13:50","2018/11/26 14:22","2018/11/26 14:35",512,511
394,59,45,14,"2018/11/26 14:36","2018/11/26 15:21","2018/11/26 15:34",513,512
395,59,45,14,"2018/11/26 15:35","2018/11/26 16:20","2018/11/26 16:33",514,513
396,50,35,15,"2018/11/26 16:34","2018/11/26 17:09","2018/11/26 17:23",515,514
397,54,39,15,"2018/11/26 17:24","2018/11/26 18:03","2018/11/26 18:17",516,515
398,49,34,15,"2018/11/26 18:18","2018/11/26 18:52","2018/11/26 19:06",517,516
399,53,40,13,"2018/11/26 19:07","2018/11/26 19:47","2018/11/26 19:59",518,517
400,75,59,16,"2018/11/26 20:00","2018/11/26 20:59","2018/11/26 21:14",519,518
401,80,66,14,"2018/11/26 21:15","2018/11/26 22:21","2018/11/26 22:34",520,519
402,49,34,15,"2018/11/26 22:35","2018/11/26 23:09","2018/11/26 23:23",521,520
403,56,41,15,"2018/11/26 23:24","2018/11/27 0:05","2018/11/27 0:19",522,521
404,44,29,15,"2018/11/27 0:20","2018/11/27 0:49","2018/11/27 1:03",523,522
405,47,32,15,"2018/11/27 1:04","2018/11/27 1:36","2018/11/27 1:50",524,523
406,80,64,16,"2018/11/27 1:51","2018/11/27 2:55","2018/11/27 3:10",525,524
407,49,34,15,"2018/11/27 3:11","2018/11/27 3:45","2018/11/27 3:59",526,525
408,70,55,15,"2018/11/27 4:00","2018/11/27 4:55","2018/11/27 5:09",527,526
409,60,46,14,"2018/11/27 5:10","2018/11/27 5:56","2018/11/27 6:09",528,527
410,45,32,13,"2018/11/27 6:10","2018/11/27 6:42","2018/11/27 6:54",529,528
411,54,39,15,"2018/11/27 6:55","2018/11/27 7:34","2018/11/27 7:48",530,529
412,55,41,14,"2018/11/27 7:49","2018/11/27 8:30","2018/11/27 8:43",531,530
413,58,43,15,"2018/11/27 8:44","2018/11/27 9:27","2018/11/27 9:41",532,531
414,52,38,14,"2018/11/27 9:42","2018/11/27 10:20","2018/11/27 10:33",533,532
415,59,43,16,"2018/11/27 10:34","2018/11/27 11:17","2018/11/27 11:32",534,533
416,46,32,14,"2018/11/27 11:33","2018/11/27 12:05","2018/11/27 12:18",535,534
417,66,51,15,"2018/11/27 12:19","2018/11/27 13:10","2018/11/27 13:24",536,535
418,52,37,15,"2018/11/27 13:25","2018/11/27 14:02","2018/11/27 14:16",537,536
419,46,32,14,"2018/11/27 15:49","2018/11/27 16:21","2018/11/27 16:34",539,538
420,53,39,14,"2018/11/27 16:35","2018/11/27 17:14","2018/11/27 17:27",540,539
421,45,30,15,"2018/11/27 17:28","2018/11/27 17:58","2018/11/27 18:12",541,540
422,64,50,14,"2018/11/27 19:41","2018/11/27 20:31","2018/11/27 20:44",543,542
423,66,51,15,"2018/11/27 20:45","2018/11/27 21:36","2018/11/27 21:50",544,543
424,61,45,16,"2018/11/27 21:51","2018/11/27 22:36","2018/11/27 22:51",545,544
425,63,48,15,"2018/11/27 22:52","2018/11/27 23:40","2018/11/27 23:54",546,545
426,46,33,13,"2018/11/27 23:55","2018/11/28 0:28","2018/11/28 0:40",547,546
427,58,43,15,"2018/11/28 0:41","2018/11/28 1:24","2018/11/28 1:38",548,547
428,56,40,16,"2018/11/28 1:39","2018/11/28 2:19","2018/11/28 2:34",549,548
429,63,47,16,"2018/11/28 2:35","2018/11/28 3:22","2018/11/28 3:37",550,549
430,60,46,14,"2018/11/28 3:38","2018/11/28 4:24","2018/11/28 4:37",551,550
431,58,45,13,"2018/11/28 6:13","2018/11/28 6:58","2018/11/28 7:10",553,552
432,66,52,14,"2018/11/28 8:43","2018/11/28 9:35","2018/11/28 9:48",556,555
433,58,44,14,"2018/11/28 9:49","2018/11/28 10:33","2018/11/28 10:46",557,556
434,58,43,15,"2018/11/28 10:47","2018/11/28 11:30","2018/11/28 11:44",558,557
435,46,31,15,"2018/11/28 11:45","2018/11/28 12:16","2018/11/28 12:30",559,558
436,59,44,15,"2018/11/28 12:31","2018/11/28 13:15","2018/11/28 13:29",560,559
437,79,64,15,"2018/11/28 13:30","2018/11/28 14:34","2018/11/28 14:48",561,560
438,56,41,15,"2018/11/28 16:25","2018/11/28 17:06","2018/11/28 17:20",563,562
439,47,30,17,"2018/11/28 17:21","2018/11/28 17:51","2018/11/28 18:07",564,563
440,64,50,14,"2018/11/28 18:08","2018/11/28 18:58","2018/11/28 19:11",565,564
441,45,31,14,"2018/11/28 19:12","2018/11/28 19:43","2018/11/28 19:56",566,565
442,52,37,15,"2018/11/28 19:57","2018/11/28 20:34","2018/11/28 20:48",567,566
443,53,38,15,"2018/11/28 20:49","2018/11/28 21:27","2018/11/28 21:41",568,567
444,52,38,14,"2018/11/28 21:42","2018/11/28 22:20","2018/11/28 22:33",569,568
445,42,28,14,"2018/11/28 22:34","2018/11/28 23:02","2018/11/28 23:15",570,569
446,54,39,15,"2018/11/29 1:00","2018/11/29 1:39","2018/11/29 1:53",572,571
447,60,47,13,"2018/11/29 1:54","2018/11/29 2:41","2018/11/29 2:53",573,572
448,46,32,14,"2018/11/29 2:54","2018/11/29 3:26","2018/11/29 3:39",574,573
449,56,41,15,"2018/11/29 3:40","2018/11/29 4:21","2018/11/29 4:35",575,574
450,49,34,15,"2018/11/29 4:36","2018/11/29 5:10","2018/11/29 5:24",576,575
451,58,43,15,"2018/11/29 5:25","2018/11/29 6:08","2018/11/29 6:22",577,576
452,46,32,14,"2018/11/29 6:23","2018/11/29 6:55","2018/11/29 7:08",578,577
453,49,33,16,"2018/11/29 7:09","2018/11/29 7:42","2018/11/29 7:57",579,578
454,49,33,16,"2018/11/29 9:28","2018/11/29 10:01","2018/11/29 10:16",581,580
455,62,47,15,"2018/11/29 10:17","2018/11/29 11:04","2018/11/29 11:18",582,581
456,57,43,14,"2018/11/29 11:19","2018/11/29 12:02","2018/11/29 12:15",583,582
457,46,31,15,"2018/11/29 12:16","2018/11/29 12:47","2018/11/29 13:01",584,583
458,54,39,15,"2018/11/29 13:02","2018/11/29 13:41","2018/11/29 13:55",585,584
459,50,35,15,"2018/11/29 13:56","2018/11/29 14:31","2018/11/29 14:45",586,585
460,79,66,13,"2018/11/29 14:46","2018/11/29 15:52","2018/11/29 16:04",587,586
461,45,30,15,"2018/11/29 16:05","2018/11/29 16:35","2018/11/29 16:49",588,587
462,43,28,15,"2018/11/29 17:48","2018/11/29 18:16","2018/11/29 18:30",591,590
463,56,42,14,"2018/11/29 18:31","2018/11/29 19:13","2018/11/29 19:26",592,591
464,56,39,17,"2018/11/29 19:27","2018/11/29 20:06","2018/11/29 20:22",593,592
465,63,47,16,"2018/11/29 20:23","2018/11/29 21:10","2018/11/29 21:25",594,593
466,45,30,15,"2018/11/29 21:26","2018/11/29 21:56","2018/11/29 22:10",595,594
467,59,45,14,"2018/11/30 0:17","2018/11/30 1:02","2018/11/30 1:15",597,596
468,59,44,15,"2018/11/30 1:16","2018/11/30 2:00","2018/11/30 2:14",598,597
469,68,55,13,"2018/11/30 2:15","2018/11/30 3:10","2018/11/30 3:22",599,598
470,58,43,15,"2018/11/30 5:50","2018/11/30 6:33","2018/11/30 6:47",601,600
471,65,50,15,"2018/11/30 6:48","2018/11/30 7:38","2018/11/30 7:52",602,601
472,56,42,14,"2018/11/30 7:53","2018/11/30 8:35","2018/11/30 8:48",603,602
473,56,41,15,"2018/11/30 8:49","2018/11/30 9:30","2018/11/30 9:44",604,603
474,57,43,14,"2018/11/30 9:45","2018/11/30 10:28","2018/11/30 10:41",605,604
475,60,44,16,"2018/11/30 10:42","2018/11/30 11:26","2018/11/30 11:41",606,605
476,58,44,14,"2018/12/1 0:22","2018/12/1 1:06","2018/12/1 1:19",608,607
477,51,36,15,"2018/12/1 1:20","2018/12/1 1:56","2018/12/1 2:10",609,608
478,48,35,13,"2018/12/1 2:11","2018/12/1 2:46","2018/12/1 2:58",610,609
479,67,52,15,"2018/12/1 2:59","2018/12/1 3:51","2018/12/1 4:05",611,610
480,56,41,15,"2018/12/1 5:28","2018/12/1 6:09","2018/12/1 6:23",614,613
481,51,37,14,"2018/12/1 6:24","2018/12/1 7:01","2018/12/1 7:14",615,614
482,73,59,14,"2018/12/1 7:15","2018/12/1 8:14","2018/12/1 8:27",616,615
483,54,40,14,"2018/12/1 9:44","2018/12/1 10:24","2018/12/1 10:37",619,618
484,51,36,15,"2018/12/1 10:38","2018/12/1 11:14","2018/12/1 11:28",620,619
485,56,43,13,"2018/12/1 11:29","2018/12/1 12:12","2018/12/1 12:24",621,620
486,53,40,13,"2018/12/1 12:25","2018/12/1 13:05","2018/12/1 13:17",622,621
487,61,47,14,"2018/12/1 13:18","2018/12/1 14:05","2018/12/1 14:18",623,622
488,60,46,14,"2018/12/1 14:19","2018/12/1 15:05","2018/12/1 15:18",624,623
489,64,49,15,"2018/12/1 16:50","2018/12/1 17:39","2018/12/1 17:53",627,626
490,63,50,13,"2018/12/1 17:54","2018/12/1 18:44","2018/12/1 18:56",628,627
491,50,37,13,"2018/12/1 18:57","2018/12/1 19:34","2018/12/1 19:46",629,628
492,54,40,14,"2018/12/1 19:47","2018/12/1 20:27","2018/12/1 20:40",630,629
493,49,35,14,"2018/12/1 20:41","2018/12/1 21:16","2018/12/1 21:29",631,630
494,45,30,15,"2018/12/1 23:28","2018/12/1 23:58","2018/12/2 0:12",633,632
495,85,70,15,"2018/12/2 2:28","2018/12/2 3:38","2018/12/2 3:52",635,634
496,46,32,14,"2018/12/2 3:53","2018/12/2 4:25","2018/12/2 4:38",636,635
497,48,33,15,"2018/12/2 4:39","2018/12/2 5:12","2018/12/2 5:26",637,636
498,44,30,14,"2018/12/2 5:27","2018/12/2 5:57","2018/12/2 6:10",638,637
499,74,59,15,"2018/12/2 6:11","2018/12/2 7:10","2018/12/2 7:24",639,638
500,46,32,14,"2018/12/2 9:16","2018/12/2 9:48","2018/12/2 10:01",641,640
501,41,28,13,"2018/12/2 10:02","2018/12/2 10:30","2018/12/2 10:42",642,641
502,48,33,15,"2018/12/2 10:43","2018/12/2 11:16","2018/12/2 11:30",643,642
503,38,24,14,"2018/12/2 11:31","2018/12/2 11:55","2018/12/2 12:08",644,643
504,40,27,13,"2018/12/2 12:09","2018/12/2 12:36","2018/12/2 12:48",645,644
505,39,24,15,"2018/12/2 12:49","2018/12/2 13:13","2018/12/2 13:27",646,645
506,22,10,12,"2018/12/2 14:03","2018/12/2 14:13","2018/12/2 14:24",648,647
507,40,25,15,"2018/12/2 14:25","2018/12/2 14:50","2018/12/2 15:04",649,648
508,47,34,13,"2018/12/2 15:05","2018/12/2 15:39","2018/12/2 15:51",650,649
509,22,10,12,"2018/12/2 16:32","2018/12/2 16:42","2018/12/2 16:53",652,651
510,59,45,14,"2018/12/2 17:48","2018/12/2 18:33","2018/12/2 18:46",655,654
511,59,44,15,"2018/12/2 18:47","2018/12/2 19:31","2018/12/2 19:45",656,655
512,39,26,13,"2018/12/2 19:46","2018/12/2 20:12","2018/12/2 20:24",657,656
513,39,26,13,"2018/12/2 21:11","2018/12/2 21:37","2018/12/2 21:49",660,659
514,58,45,13,"2018/12/2 21:50","2018/12/2 22:35","2018/12/2 22:47",661,660
515,40,26,14,"2018/12/2 22:48","2018/12/2 23:14","2018/12/2 23:27",662,661
516,59,45,14,"2018/12/2 23:28","2018/12/3 0:13","2018/12/3 0:26",663,662
517,43,29,14,"2018/12/3 0:27","2018/12/3 0:56","2018/12/3 1:09",664,663
518,56,42,14,"2018/12/3 1:10","2018/12/3 1:52","2018/12/3 2:05",665,664
519,47,34,13,"2018/12/3 2:06","2018/12/3 2:40","2018/12/3 2:52",666,665
520,57,43,14,"2018/12/3 2:53","2018/12/3 3:36","2018/12/3 3:49",667,666
521,43,29,14,"2018/12/3 3:50","2018/12/3 4:19","2018/12/3 4:32",668,667
522,42,28,14,"2018/12/3 4:33","2018/12/3 5:01","2018/12/3 5:14",669,668
523,48,35,13,"2018/12/3 5:15","2018/12/3 5:50","2018/12/3 6:02",670,669
524,69,56,13,"2018/12/3 6:03","2018/12/3 6:59","2018/12/3 7:11",671,670
525,43,29,14,"2018/12/3 7:12","2018/12/3 7:41","2018/12/3 7:54",672,671
526,48,35,13,"2018/12/3 7:55","2018/12/3 8:30","2018/12/3 8:42",673,672
527,41,28,13,"2018/12/3 8:43","2018/12/3 9:11","2018/12/3 9:23",674,673
528,48,35,13,"2018/12/3 9:24","2018/12/3 9:59","2018/12/3 10:11",675,674
529,40,26,14,"2018/12/3 10:12","2018/12/3 10:38","2018/12/3 10:51",676,675
530,40,27,13,"2018/12/3 10:52","2018/12/3 11:20","2018/12/3 11:31",677,676
531,47,33,14,"2018/12/3 11:32","2018/12/3 12:05","2018/12/3 12:18",678,677
532,64,50,14,"2018/12/3 12:19","2018/12/3 13:09","2018/12/3 13:22",679,678
533,45,31,14,"2018/12/3 13:23","2018/12/3 13:54","2018/12/3 14:07",680,679
534,41,27,14,"2018/12/3 14:08","2018/12/3 14:35","2018/12/3 14:48",681,680
535,47,33,14,"2018/12/3 15:32","2018/12/3 16:05","2018/12/3 16:18",684,683
536,44,32,12,"2018/12/3 16:19","2018/12/3 16:51","2018/12/3 17:02",685,684
537,41,27,14,"2018/12/3 17:03","2018/12/3 17:30","2018/12/3 17:43",686,685
538,38,24,14,"2018/12/3 17:44","2018/12/3 18:08","2018/12/3 18:21",687,686
539,48,35,13,"2018/12/3 18:22","2018/12/3 18:57","2018/12/3 19:09",688,687
540,44,30,14,"2018/12/3 19:10","2018/12/3 19:40","2018/12/3 19:53",689,688
541,64,49,15,"2018/12/3 19:54","2018/12/3 20:43","2018/12/3 20:57",690,689
542,43,30,13,"2018/12/3 20:58","2018/12/3 21:28","2018/12/3 21:40",691,690
543,61,48,13,"2018/12/3 21:41","2018/12/3 22:29","2018/12/3 22:41",692,691
544,41,27,14,"2018/12/3 23:37","2018/12/4 0:04","2018/12/4 0:17",695,694
545,45,30,15,"2018/12/4 0:18","2018/12/4 0:48","2018/12/4 1:02",696,695
546,46,31,15,"2018/12/4 1:03","2018/12/4 1:34","2018/12/4 1:48",697,696
547,46,32,14,"2018/12/4 1:49","2018/12/4 2:21","2018/12/4 2:34",698,697
548,43,28,15,"2018/12/4 2:35","2018/12/4 3:03","2018/12/4 3:17",699,698
549,56,41,15,"2018/12/4 3:18","2018/12/4 3:59","2018/12/4 4:13",700,699
550,42,26,16,"2018/12/4 4:14","2018/12/4 4:40","2018/12/4 4:55",701,700
551,49,34,15,"2018/12/4 4:56","2018/12/4 5:30","2018/12/4 5:44",702,701
552,40,26,14,"2018/12/4 5:45","2018/12/4 6:11","2018/12/4 6:24",703,702
553,41,27,14,"2018/12/4 6:25","2018/12/4 6:52","2018/12/4 7:05",704,703
554,50,35,15,"2018/12/4 7:06","2018/12/4 7:41","2018/12/4 7:55",705,704
555,43,30,13,"2018/12/4 7:56","2018/12/4 8:26","2018/12/4 8:38",706,705
556,55,40,15,"2018/12/4 8:39","2018/12/4 9:19","2018/12/4 9:33",707,706
557,43,29,14,"2018/12/4 9:34","2018/12/4 10:03","2018/12/4 10:16",708,707
558,39,25,14,"2018/12/4 10:17","2018/12/4 10:42","2018/12/4 10:55",709,708
559,54,39,15,"2018/12/4 10:56","2018/12/4 11:35","2018/12/4 11:49",710,709
560,38,24,14,"2018/12/4 12:34","2018/12/4 12:58","2018/12/4 13:11",713,712
561,39,23,16,"2018/12/4 13:12","2018/12/4 13:35","2018/12/4 13:50",714,713
562,51,36,15,"2018/12/4 13:51","2018/12/4 14:27","2018/12/4 14:41",715,714
563,41,25,16,"2018/12/4 15:24","2018/12/4 15:49","2018/12/4 16:04",718,717
564,38,24,14,"2018/12/4 16:05","2018/12/4 16:29","2018/12/4 16:42",719,718
565,39,24,15,"2018/12/4 16:43","2018/12/4 17:07","2018/12/4 17:21",720,719
566,59,44,15,"2018/12/4 17:22","2018/12/4 18:06","2018/12/4 18:20",721,720
567,41,26,15,"2018/12/4 19:10","2018/12/4 19:36","2018/12/4 19:50",724,723
568,45,30,15,"2018/12/4 19:51","2018/12/4 20:21","2018/12/4 20:35",725,724
569,40,26,14,"2018/12/4 21:18","2018/12/4 21:44","2018/12/4 21:57",728,727
570,40,25,15,"2018/12/4 21:58","2018/12/4 22:23","2018/12/4 22:37",729,728
571,49,35,14,"2018/12/4 23:11","2018/12/4 23:46","2018/12/4 23:59",731,730
572,45,32,13,"2018/12/5 0:00","2018/12/5 0:32","2018/12/5 0:44",732,731
573,71,58,13,"2018/12/5 0:45","2018/12/5 1:43","2018/12/5 1:55",733,732
574,39,25,14,"2018/12/5 1:56","2018/12/5 2:21","2018/12/5 2:34",734,733
575,60,47,13,"2018/12/5 2:35","2018/12/5 3:22","2018/12/5 3:34",735,734
576,43,28,15,"2018/12/5 3:35","2018/12/5 4:03","2018/12/5 4:17",736,735
577,38,24,14,"2018/12/5 4:18","2018/12/5 4:42","2018/12/5 4:55",737,736
578,62,49,13,"2018/12/5 4:56","2018/12/5 5:45","2018/12/5 5:57",738,737
579,64,50,14,"2018/12/5 5:58","2018/12/5 6:48","2018/12/5 7:01",739,738
580,72,57,15,"2018/12/5 7:02","2018/12/5 7:59","2018/12/5 8:13",740,739
581,49,35,14,"2018/12/5 8:14","2018/12/5 8:49","2018/12/5 9:02",741,740
582,64,49,15,"2018/12/5 10:37","2018/12/5 11:26","2018/12/5 11:40",743,742
583,44,31,13,"2018/12/5 11:41","2018/12/5 12:12","2018/12/5 12:24",744,743
584,44,30,14,"2018/12/5 12:25","2018/12/5 12:55","2018/12/5 13:08",745,744
585,49,34,15,"2018/12/5 14:34","2018/12/5 15:08","2018/12/5 15:22",747,746
586,47,31,16,"2018/12/5 15:23","2018/12/5 15:54","2018/12/5 16:09",748,747
587,79,63,16,"2018/12/5 16:10","2018/12/5 17:13","2018/12/5 17:28",749,748
588,56,43,13,"2018/12/5 17:29","2018/12/5 18:12","2018/12/5 18:24",750,749
589,43,28,15,"2018/12/5 18:25","2018/12/5 18:53","2018/12/5 19:07",751,750
590,45,29,16,"2018/12/5 19:08","2018/12/5 19:37","2018/12/5 19:52",752,751
591,44,29,15,"2018/12/5 19:53","2018/12/5 20:22","2018/12/5 20:36",753,752
592,60,45,15,"2018/12/5 20:37","2018/12/5 21:22","2018/12/5 21:36",754,753
593,58,43,15,"2018/12/5 21:37","2018/12/5 22:20","2018/12/5 22:34",755,754
594,39,24,15,"2018/12/5 22:35","2018/12/5 22:59","2018/12/5 23:13",756,755
595,76,61,15,"2018/12/5 23:14","2018/12/6 0:15","2018/12/6 0:29",757,756
596,81,66,15,"2018/12/6 0:30","2018/12/6 1:36","2018/12/6 1:50",758,757
597,53,39,14,"2018/12/6 1:51","2018/12/6 2:30","2018/12/6 2:43",759,758
598,56,41,15,"2018/12/6 2:44","2018/12/6 3:25","2018/12/6 3:39",760,759
599,55,41,14,"2018/12/6 3:40","2018/12/6 4:21","2018/12/6 4:34",761,760
600,43,28,15,"2018/12/6 4:35","2018/12/6 5:03","2018/12/6 5:17",762,761
601,49,34,15,"2018/12/6 5:18","2018/12/6 5:52","2018/12/6 6:06",763,762
602,40,25,15,"2018/12/6 6:07","2018/12/6 6:32","2018/12/6 6:46",764,763
603,46,32,14,"2018/12/6 6:47","2018/12/6 7:19","2018/12/6 7:32",765,764
604,57,44,13,"2018/12/6 10:10","2018/12/6 10:54","2018/12/6 11:06",768,767
605,50,36,14,"2018/12/6 11:07","2018/12/6 11:43","2018/12/6 11:56",769,768
606,39,25,14,"2018/12/6 11:57","2018/12/6 12:22","2018/12/6 12:35",770,769
607,57,43,14,"2018/12/6 12:36","2018/12/6 13:19","2018/12/6 13:32",771,770
608,52,40,12,"2018/12/6 13:33","2018/12/6 14:13","2018/12/6 14:24",772,771
609,48,36,12,"2018/12/6 14:25","2018/12/6 15:01","2018/12/6 15:12",773,772
610,42,28,14,"2018/12/6 15:13","2018/12/6 15:41","2018/12/6 15:54",774,773
611,53,38,15,"2018/12/6 15:55","2018/12/6 16:33","2018/12/6 16:47",775,774
612,48,33,15,"2018/12/6 16:48","2018/12/6 17:21","2018/12/6 17:35",776,775
613,41,27,14,"2018/12/6 17:36","2018/12/6 18:03","2018/12/6 18:16",777,776
614,59,44,15,"2018/12/6 18:17","2018/12/6 19:01","2018/12/6 19:15",778,777
615,59,44,15,"2018/12/6 19:16","2018/12/6 20:00","2018/12/6 20:14",779,778
616,59,45,14,"2018/12/6 20:57","2018/12/6 21:42","2018/12/6 21:55",781,780
617,39,25,14,"2018/12/6 21:56","2018/12/6 22:21","2018/12/6 22:34",782,781
618,42,28,14,"2018/12/6 22:35","2018/12/6 23:03","2018/12/6 23:16",783,782
619,55,41,14,"2018/12/6 23:17","2018/12/6 23:58","2018/12/7 0:11",784,783
620,40,25,15,"2018/12/7 0:12","2018/12/7 0:37","2018/12/7 0:51",785,784
621,54,40,14,"2018/12/7 0:52","2018/12/7 1:32","2018/12/7 1:45",786,785
622,42,27,15,"2018/12/7 1:46","2018/12/7 2:13","2018/12/7 2:27",787,786
623,48,33,15,"2018/12/7 2:28","2018/12/7 3:01","2018/12/7 3:15",788,787
624,56,43,13,"2018/12/7 3:16","2018/12/7 3:59","2018/12/7 4:11",789,788
625,54,40,14,"2018/12/7 4:12","2018/12/7 4:52","2018/12/7 5:05",790,789
626,45,31,14,"2018/12/7 5:06","2018/12/7 5:37","2018/12/7 5:50",791,790
627,42,28,14,"2018/12/7 5:51","2018/12/7 6:19","2018/12/7 6:32",792,791
628,44,31,13,"2018/12/7 6:33","2018/12/7 7:04","2018/12/7 7:16",793,792
629,37,26,11,"2018/12/7 7:17","2018/12/7 7:43","2018/12/7 7:53",794,793
630,48,34,14,"2018/12/7 7:54","2018/12/7 8:28","2018/12/7 8:41",795,794
631,46,30,16,"2018/12/7 8:42","2018/12/7 9:12","2018/12/7 9:27",796,795
632,38,25,13,"2018/12/7 9:28","2018/12/7 9:53","2018/12/7 10:05",797,796
633,38,25,13,"2018/12/7 10:06","2018/12/7 10:31","2018/12/7 10:43",798,797
634,40,27,13,"2018/12/7 10:44","2018/12/7 11:11","2018/12/7 11:23",799,798
635,46,33,13,"2018/12/7 11:24","2018/12/7 11:57","2018/12/7 12:09",800,799
636,42,29,13,"2018/12/7 12:10","2018/12/7 12:39","2018/12/7 12:51",801,800
637,51,37,14,"2018/12/7 12:52","2018/12/7 13:29","2018/12/7 13:42",802,801
638,37,24,13,"2018/12/7 13:43","2018/12/7 14:07","2018/12/7 14:19",803,802
639,34,24,10,"2018/12/7 14:20","2018/12/7 14:44","2018/12/7 14:53",804,803
640,46,33,13,"2018/12/7 14:54","2018/12/7 15:27","2018/12/7 15:39",805,804
641,38,27,11,"2018/12/7 16:17","2018/12/7 16:44","2018/12/7 16:54",808,807
642,60,50,10,"2018/12/7 17:33","2018/12/7 18:23","2018/12/7 18:32",810,809
643,44,31,13,"2018/12/7 19:15","2018/12/7 19:46","2018/12/7 19:58",813,812
644,42,28,14,"2018/12/7 20:41","2018/12/7 21:09","2018/12/7 21:22",816,815
645,50,37,13,"2018/12/7 21:23","2018/12/7 22:00","2018/12/7 22:12",817,816
646,55,41,14,"2018/12/7 22:13","2018/12/7 22:54","2018/12/7 23:07",818,817
647,38,25,13,"2018/12/7 23:08","2018/12/7 23:33","2018/12/7 23:45",819,818
648,40,27,13,"2018/12/7 23:46","2018/12/8 0:13","2018/12/8 0:25",820,819
649,37,24,13,"2018/12/8 0:26","2018/12/8 0:50","2018/12/8 1:02",821,820
650,38,26,12,"2018/12/8 1:03","2018/12/8 1:29","2018/12/8 1:40",822,821
651,38,25,13,"2018/12/8 1:41","2018/12/8 2:06","2018/12/8 2:18",823,822
652,38,26,12,"2018/12/8 2:19","2018/12/8 2:45","2018/12/8 2:56",824,823
653,38,25,13,"2018/12/8 2:57","2018/12/8 3:22","2018/12/8 3:34",825,824
654,39,26,13,"2018/12/8 3:35","2018/12/8 4:01","2018/12/8 4:13",826,825
655,61,48,13,"2018/12/8 4:14","2018/12/8 5:02","2018/12/8 5:14",827,826
656,43,30,13,"2018/12/8 5:15","2018/12/8 5:45","2018/12/8 5:57",828,827
657,36,24,12,"2018/12/8 5:58","2018/12/8 6:22","2018/12/8 6:33",829,828
658,34,22,12,"2018/12/8 6:34","2018/12/8 6:56","2018/12/8 7:07",830,829
659,45,32,13,"2018/12/8 7:08","2018/12/8 7:40","2018/12/8 7:52",831,830
660,39,25,14,"2018/12/8 7:53","2018/12/8 8:18","2018/12/8 8:31",832,831
661,47,33,14,"2018/12/8 8:32","2018/12/8 9:05","2018/12/8 9:18",833,832
662,42,29,13,"2018/12/8 9:19","2018/12/8 9:48","2018/12/8 10:00",834,833
663,53,39,14,"2018/12/8 10:01","2018/12/8 10:40","2018/12/8 10:53",835,834
664,42,30,12,"2018/12/8 10:54","2018/12/8 11:24","2018/12/8 11:35",836,835
665,51,38,13,"2018/12/8 11:36","2018/12/8 12:14","2018/12/8 12:26",837,836
666,38,24,14,"2018/12/8 12:27","2018/12/8 12:51","2018/12/8 13:04",838,837
667,35,22,13,"2018/12/8 13:05","2018/12/8 13:27","2018/12/8 13:39",839,838
668,65,51,14,"2018/12/8 13:40","2018/12/8 14:31","2018/12/8 14:44",840,839
669,39,26,13,"2018/12/8 14:45","2018/12/8 15:11","2018/12/8 15:23",841,840
670,38,24,14,"2018/12/8 15:24","2018/12/8 15:48","2018/12/8 16:01",842,841
671,38,25,13,"2018/12/8 16:02","2018/12/8 16:27","2018/12/8 16:39",843,842
672,40,26,14,"2018/12/8 16:40","2018/12/8 17:06","2018/12/8 17:19",844,843
673,36,22,14,"2018/12/8 17:20","2018/12/8 17:42","2018/12/8 17:55",845,844
674,37,23,14,"2018/12/8 17:56","2018/12/8 18:19","2018/12/8 18:32",846,845
675,35,23,12,"2018/12/8 18:33","2018/12/8 18:56","2018/12/8 19:07",847,846
676,48,35,13,"2018/12/8 19:08","2018/12/8 19:43","2018/12/8 19:55",848,847
677,50,36,14,"2018/12/8 19:56","2018/12/8 20:32","2018/12/8 20:45",849,848
678,48,36,12,"2018/12/8 20:46","2018/12/8 21:22","2018/12/8 21:33",850,849
679,36,23,13,"2018/12/8 21:34","2018/12/8 21:57","2018/12/8 22:09",851,850
680,35,22,13,"2018/12/8 22:10","2018/12/8 22:32","2018/12/8 22:44",852,851
681,44,32,12,"2018/12/8 22:45","2018/12/8 23:17","2018/12/8 23:28",853,852
682,38,27,11,"2018/12/8 23:29","2018/12/8 23:56","2018/12/9 0:06",854,853
683,42,28,14,"2018/12/9 0:07","2018/12/9 0:35","2018/12/9 0:48",855,854
684,35,23,12,"2018/12/9 0:49","2018/12/9 1:12","2018/12/9 1:23",856,855
685,36,23,13,"2018/12/9 1:24","2018/12/9 1:47","2018/12/9 1:59",857,856
686,48,36,12,"2018/12/9 2:00","2018/12/9 2:36","2018/12/9 2:47",858,857
687,48,35,13,"2018/12/9 2:48","2018/12/9 3:23","2018/12/9 3:35",859,858
688,58,45,13,"2018/12/9 3:36","2018/12/9 4:21","2018/12/9 4:33",860,859
689,38,24,14,"2018/12/9 4:34","2018/12/9 4:58","2018/12/9 5:11",861,860
690,37,23,14,"2018/12/9 5:12","2018/12/9 5:35","2018/12/9 5:48",862,861
691,36,24,12,"2018/12/9 5:49","2018/12/9 6:13","2018/12/9 6:24",863,862
692,38,24,14,"2018/12/9 6:25","2018/12/9 6:49","2018/12/9 7:02",864,863
693,52,38,14,"2018/12/9 7:03","2018/12/9 7:41","2018/12/9 7:54",865,864
694,47,32,15,"2018/12/9 7:55","2018/12/9 8:27","2018/12/9 8:41",866,865
695,47,33,14,"2018/12/9 8:42","2018/12/9 9:15","2018/12/9 9:28",867,866
696,40,26,14,"2018/12/9 9:29","2018/12/9 9:55","2018/12/9 10:08",868,867
697,42,29,13,"2018/12/9 10:09","2018/12/9 10:38","2018/12/9 10:50",869,868
698,37,23,14,"2018/12/9 10:51","2018/12/9 11:14","2018/12/9 11:27",870,869
699,37,24,13,"2018/12/9 11:28","2018/12/9 11:52","2018/12/9 12:04",871,870
700,39,26,13,"2018/12/9 12:05","2018/12/9 12:31","2018/12/9 12:43",872,871
701,36,24,12,"2018/12/9 12:44","2018/12/9 13:08","2018/12/9 13:19",873,872
702,47,34,13,"2018/12/9 13:20","2018/12/9 13:54","2018/12/9 14:06",874,873
703,42,28,14,"2018/12/9 14:07","2018/12/9 14:35","2018/12/9 14:48",875,874
704,37,25,12,"2018/12/9 14:49","2018/12/9 15:14","2018/12/9 15:25",876,875
705,60,46,14,"2018/12/9 16:24","2018/12/9 17:10","2018/12/9 17:23",879,878
706,37,24,13,"2018/12/9 17:24","2018/12/9 17:48","2018/12/9 18:00",880,879
707,33,20,13,"2018/12/9 18:01","2018/12/9 18:21","2018/12/9 18:33",881,880
708,38,24,14,"2018/12/9 18:34","2018/12/9 18:58","2018/12/9 19:11",882,881
709,43,29,14,"2018/12/9 19:12","2018/12/9 19:41","2018/12/9 19:54",883,882
710,41,28,13,"2018/12/9 19:55","2018/12/9 20:23","2018/12/9 20:35",884,883
711,40,27,13,"2018/12/9 20:36","2018/12/9 21:03","2018/12/9 21:15",885,884
712,35,22,13,"2018/12/9 21:16","2018/12/9 21:38","2018/12/9 21:50",886,885
713,35,23,12,"2018/12/9 21:51","2018/12/9 22:14","2018/12/9 22:25",887,886
714,36,22,14,"2018/12/9 22:26","2018/12/9 22:48","2018/12/9 23:01",888,887
715,50,36,14,"2018/12/9 23:02","2018/12/9 23:38","2018/12/9 23:51",889,888
716,42,29,13,"2018/12/9 23:52","2018/12/10 0:21","2018/12/10 0:33",890,889
717,55,41,14,"2018/12/10 0:34","2018/12/10 1:15","2018/12/10 1:28",891,890
718,35,21,14,"2018/12/10 1:29","2018/12/10 1:50","2018/12/10 2:03",892,891
719,37,23,14,"2018/12/10 2:04","2018/12/10 2:27","2018/12/10 2:40",893,892
720,36,24,12,"2018/12/10 2:41","2018/12/10 3:05","2018/12/10 3:16",894,893
721,35,22,13,"2018/12/10 3:17","2018/12/10 3:39","2018/12/10 3:51",895,894
722,36,23,13,"2018/12/10 3:52","2018/12/10 4:15","2018/12/10 4:27",896,895
723,35,22,13,"2018/12/10 4:28","2018/12/10 4:50","2018/12/10 5:02",897,896
724,34,21,13,"2018/12/10 5:03","2018/12/10 5:24","2018/12/10 5:36",898,897
725,54,41,13,"2018/12/10 5:37","2018/12/10 6:18","2018/12/10 6:30",899,898
726,41,28,13,"2018/12/10 8:16","2018/12/10 8:44","2018/12/10 8:56",901,900
727,37,25,12,"2018/12/10 8:57","2018/12/10 9:22","2018/12/10 9:33",902,901
728,45,32,13,"2018/12/10 9:34","2018/12/10 10:06","2018/12/10 10:18",903,902
729,41,28,13,"2018/12/10 10:19","2018/12/10 10:47","2018/12/10 10:59",904,903
730,41,27,14,"2018/12/10 11:00","2018/12/10 11:27","2018/12/10 11:40",905,904
731,48,35,13,"2018/12/10 11:41","2018/12/10 12:16","2018/12/10 12:28",906,905
732,38,24,14,"2018/12/10 12:29","2018/12/10 12:53","2018/12/10 13:06",907,906
733,40,28,12,"2018/12/10 13:07","2018/12/10 13:35","2018/12/10 13:46",908,907
734,35,22,13,"2018/12/10 13:47","2018/12/10 14:09","2018/12/10 14:21",909,908
735,46,32,14,"2018/12/10 14:22","2018/12/10 14:54","2018/12/10 15:07",910,909
736,38,24,14,"2018/12/10 15:08","2018/12/10 15:32","2018/12/10 15:45",911,910
737,69,56,13,"2018/12/10 15:46","2018/12/10 16:42","2018/12/10 16:54",912,911
738,38,26,12,"2018/12/10 16:55","2018/12/10 17:21","2018/12/10 17:32",913,912
739,35,23,12,"2018/12/10 17:33","2018/12/10 17:56","2018/12/10 18:07",914,913
740,34,21,13,"2018/12/10 18:08","2018/12/10 18:29","2018/12/10 18:41",915,914
741,34,22,12,"2018/12/10 18:42","2018/12/10 19:04","2018/12/10 19:15",916,915
742,41,27,14,"2018/12/10 19:16","2018/12/10 19:43","2018/12/10 19:56",917,916
743,43,28,15,"2018/12/10 19:57","2018/12/10 20:25","2018/12/10 20:39",918,917
744,39,25,14,"2018/12/10 20:40","2018/12/10 21:05","2018/12/10 21:18",919,918
745,44,30,14,"2018/12/10 21:19","2018/12/10 21:49","2018/12/10 22:02",920,919
746,38,25,13,"2018/12/10 22:03","2018/12/10 22:28","2018/12/10 22:40",921,920
747,39,26,13,"2018/12/10 22:41","2018/12/10 23:07","2018/12/10 23:19",922,921
748,40,27,13,"2018/12/10 23:20","2018/12/10 23:47","2018/12/10 23:59",923,922
749,37,24,13,"2018/12/11 0:00","2018/12/11 0:24","2018/12/11 0:36",924,923
750,39,25,14,"2018/12/11 0:37","2018/12/11 1:02","2018/12/11 1:15",925,924
751,51,38,13,"2018/12/11 1:16","2018/12/11 1:54","2018/12/11 2:06",926,925
752,40,27,13,"2018/12/11 2:07","2018/12/11 2:34","2018/12/11 2:46",927,926
753,46,32,14,"2018/12/11 2:47","2018/12/11 3:19","2018/12/11 3:32",928,927
754,34,21,13,"2018/12/11 3:33","2018/12/11 3:54","2018/12/11 4:06",929,928
755,39,26,13,"2018/12/11 4:07","2018/12/11 4:33","2018/12/11 4:45",930,929
756,37,24,13,"2018/12/11 4:46","2018/12/11 5:10","2018/12/11 5:22",931,930
757,35,23,12,"2018/12/11 5:23","2018/12/11 5:46","2018/12/11 5:57",932,931
758,36,22,14,"2018/12/11 5:58","2018/12/11 6:20","2018/12/11 6:33",933,932
759,38,24,14,"2018/12/11 6:34","2018/12/11 6:58","2018/12/11 7:11",934,933
760,42,27,15,"2018/12/11 7:12","2018/12/11 7:39","2018/12/11 7:53",935,934
761,40,26,14,"2018/12/11 10:31","2018/12/11 10:57","2018/12/11 11:10",939,938
762,40,27,13,"2018/12/11 11:11","2018/12/11 11:38","2018/12/11 11:50",940,939
763,48,34,14,"2018/12/11 11:51","2018/12/11 12:25","2018/12/11 12:38",941,940
764,49,35,14,"2018/12/11 12:39","2018/12/11 13:14","2018/12/11 13:27",942,941
765,40,26,14,"2018/12/11 13:28","2018/12/11 13:54","2018/12/11 14:07",943,942
766,40,26,14,"2018/12/11 14:08","2018/12/11 14:34","2018/12/11 14:47",944,943
767,41,27,14,"2018/12/11 14:48","2018/12/11 15:15","2018/12/11 15:28",945,944
768,40,26,14,"2018/12/11 15:29","2018/12/11 15:55","2018/12/11 16:08",946,945
769,40,26,14,"2018/12/11 16:09","2018/12/11 16:35","2018/12/11 16:48",947,946
770,39,25,14,"2018/12/11 16:49","2018/12/11 17:14","2018/12/11 17:27",948,947
771,56,44,12,"2018/12/11 17:28","2018/12/11 18:12","2018/12/11 18:23",949,948
772,45,31,14,"2018/12/11 18:28","2018/12/11 18:59","2018/12/11 19:12",951,950
773,40,26,14,"2018/12/11 19:13","2018/12/11 19:39","2018/12/11 19:52",952,951
774,39,26,13,"2018/12/11 19:53","2018/12/11 20:19","2018/12/11 20:31",953,952
775,39,27,12,"2018/12/11 20:32","2018/12/11 20:59","2018/12/11 21:10",954,953
776,43,31,12,"2018/12/11 21:11","2018/12/11 21:42","2018/12/11 21:53",955,954
777,38,25,13,"2018/12/11 21:54","2018/12/11 22:19","2018/12/11 22:31",956,955
778,48,37,11,"2018/12/11 22:32","2018/12/11 23:09","2018/12/11 23:19",957,956
779,41,29,12,"2018/12/11 23:20","2018/12/11 23:49","2018/12/12 0:00",958,957
780,36,25,11,"2018/12/12 0:01","2018/12/12 0:26","2018/12/12 0:36",959,958
781,45,33,12,"2018/12/12 1:14","2018/12/12 1:47","2018/12/12 1:58",961,960
782,54,43,11,"2018/12/12 1:59","2018/12/12 2:42","2018/12/12 2:52",962,961
783,40,27,13,"2018/12/12 2:56","2018/12/12 3:23","2018/12/12 3:35",964,963
784,34,22,12,"2018/12/12 3:36","2018/12/12 3:58","2018/12/12 4:09",965,964
785,36,23,13,"2018/12/12 4:10","2018/12/12 4:33","2018/12/12 4:45",966,965
786,36,24,12,"2018/12/12 4:46","2018/12/12 5:10","2018/12/12 5:21",967,966
787,36,23,13,"2018/12/12 5:22","2018/12/12 5:45","2018/12/12 5:57",968,967
788,36,23,13,"2018/12/12 5:58","2018/12/12 6:21","2018/12/12 6:33",969,968
789,39,25,14,"2018/12/12 6:34","2018/12/12 6:59","2018/12/12 7:12",970,969
790,42,29,13,"2018/12/12 7:13","2018/12/12 7:42","2018/12/12 7:54",971,970
791,49,35,14,"2018/12/12 7:55","2018/12/12 8:30","2018/12/12 8:43",972,971
792,38,25,13,"2018/12/12 8:44","2018/12/12 9:09","2018/12/12 9:21",973,972
793,42,29,13,"2018/12/12 9:22","2018/12/12 9:51","2018/12/12 10:03",974,973
794,43,30,13,"2018/12/12 10:04","2018/12/12 10:34","2018/12/12 10:46",975,974
795,40,27,13,"2018/12/12 10:47","2018/12/12 11:14","2018/12/12 11:26",976,975
796,49,37,12,"2018/12/12 11:27","2018/12/12 12:04","2018/12/12 12:15",977,976
797,42,29,13,"2018/12/12 12:16","2018/12/12 12:45","2018/12/12 12:57",978,977
798,41,29,12,"2018/12/12 12:58","2018/12/12 13:27","2018/12/12 13:38",979,978
799,39,26,13,"2018/12/12 13:39","2018/12/12 14:05","2018/12/12 14:17",980,979
800,38,26,12,"2018/12/12 14:18","2018/12/12 14:44","2018/12/12 14:55",981,980
801,38,26,12,"2018/12/12 14:56","2018/12/12 15:22","2018/12/12 15:33",982,981
802,46,33,13,"2018/12/12 15:34","2018/12/12 16:07","2018/12/12 16:19",983,982
803,39,26,13,"2018/12/12 16:20","2018/12/12 16:46","2018/12/12 16:58",984,983
804,41,28,13,"2018/12/12 16:59","2018/12/12 17:27","2018/12/12 17:39",985,984
805,39,26,13,"2018/12/12 17:40","2018/12/12 18:06","2018/12/12 18:18",986,985
806,39,26,13,"2018/12/12 18:19","2018/12/12 18:45","2018/12/12 18:57",987,986
807,43,30,13,"2018/12/12 18:58","2018/12/12 19:28","2018/12/12 19:40",988,987
808,77,62,15,"2018/12/12 19:41","2018/12/12 20:43","2018/12/12 20:57",989,988
809,64,51,13,"2018/12/12 20:58","2018/12/12 21:49","2018/12/12 22:01",990,989
810,59,46,13,"2018/12/12 22:02","2018/12/12 22:48","2018/12/12 23:00",991,990
811,46,33,13,"2018/12/12 23:01","2018/12/12 23:34","2018/12/12 23:46",992,991
812,49,36,13,"2018/12/13 1:37","2018/12/13 2:13","2018/12/13 2:25",994,993
813,82,68,14,"2018/12/13 2:26","2018/12/13 3:34","2018/12/13 3:47",995,994
814,49,36,13,"2018/12/13 4:29","2018/12/13 5:05","2018/12/13 5:17",998,997
815,47,33,14,"2018/12/13 5:18","2018/12/13 5:51","2018/12/13 6:04",999,998
816,59,47,12,"2018/12/13 7:38","2018/12/13 8:25","2018/12/13 8:36",1001,1000
817,59,45,14,"2018/12/13 8:37","2018/12/13 9:22","2018/12/13 9:35",1002,1001
818,56,43,13,"2018/12/13 9:36","2018/12/13 10:19","2018/12/13 10:31",1003,1002
819,51,37,14,"2018/12/13 10:32","2018/12/13 11:09","2018/12/13 11:22",1004,1003
820,51,38,13,"2018/12/13 11:23","2018/12/13 12:01","2018/12/13 12:13",1005,1004
821,51,38,13,"2018/12/13 12:14","2018/12/13 12:52","2018/12/13 13:04",1006,1005
822,53,38,15,"2018/12/13 13:05","2018/12/13 13:43","2018/12/13 13:57",1007,1006
823,45,31,14,"2018/12/13 15:52","2018/12/13 16:23","2018/12/13 16:36",1009,1008
824,53,39,14,"2018/12/13 16:37","2018/12/13 17:16","2018/12/13 17:29",1010,1009
825,78,63,15,"2018/12/13 17:30","2018/12/13 18:33","2018/12/13 18:47",1011,1010
826,55,40,15,"2018/12/13 18:48","2018/12/13 19:28","2018/12/13 19:42",1012,1011
827,45,32,13,"2018/12/13 19:43","2018/12/13 20:15","2018/12/13 20:27",1013,1012
828,57,42,15,"2018/12/13 20:28","2018/12/13 21:10","2018/12/13 21:24",1014,1013
829,73,58,15,"2018/12/13 21:25","2018/12/13 22:23","2018/12/13 22:37",1015,1014
830,76,62,14,"2018/12/13 22:38","2018/12/13 23:40","2018/12/13 23:53",1016,1015
831,44,30,14,"2018/12/13 23:54","2018/12/14 0:24","2018/12/14 0:37",1017,1016
832,57,43,14,"2018/12/14 0:38","2018/12/14 1:21","2018/12/14 1:34",1018,1017
833,43,30,13,"2018/12/14 1:35","2018/12/14 2:05","2018/12/14 2:17",1019,1018
834,68,54,14,"2018/12/14 2:18","2018/12/14 3:12","2018/12/14 3:25",1020,1019
835,52,38,14,"2018/12/14 3:26","2018/12/14 4:04","2018/12/14 4:17",1021,1020
836,74,60,14,"2018/12/14 4:18","2018/12/14 5:18","2018/12/14 5:31",1022,1021
837,42,28,14,"2018/12/14 5:32","2018/12/14 6:00","2018/12/14 6:13",1023,1022
838,83,67,16,"2018/12/14 6:14","2018/12/14 7:21","2018/12/14 7:36",1024,1023
839,50,35,15,"2018/12/14 9:11","2018/12/14 9:46","2018/12/14 10:00",1026,1025
840,46,31,15,"2018/12/14 10:47","2018/12/14 11:18","2018/12/14 11:32",1029,1028
841,57,43,14,"2018/12/14 11:33","2018/12/14 12:16","2018/12/14 12:29",1030,1029
842,55,41,14,"2018/12/14 12:30","2018/12/14 13:11","2018/12/14 13:24",1031,1030
843,53,40,13,"2018/12/14 13:25","2018/12/14 14:05","2018/12/14 14:17",1032,1031
844,46,33,13,"2018/12/14 14:18","2018/12/14 14:51","2018/12/14 15:03",1033,1032
845,45,32,13,"2018/12/14 15:04","2018/12/14 15:36","2018/12/14 15:48",1034,1033
846,43,31,12,"2018/12/14 15:49","2018/12/14 16:20","2018/12/14 16:31",1035,1034
847,42,27,15,"2018/12/14 16:32","2018/12/14 16:59","2018/12/14 17:13",1036,1035
848,41,28,13,"2018/12/14 17:14","2018/12/14 17:42","2018/12/14 17:54",1037,1036
849,66,52,14,"2018/12/14 17:55","2018/12/14 18:47","2018/12/14 19:00",1038,1037
850,45,30,15,"2018/12/14 19:01","2018/12/14 19:31","2018/12/14 19:45",1039,1038
851,43,28,15,"2018/12/14 19:46","2018/12/14 20:14","2018/12/14 20:28",1040,1039
852,50,35,15,"2018/12/14 20:29","2018/12/14 21:04","2018/12/14 21:18",1041,1040
853,53,40,13,"2018/12/14 21:19","2018/12/14 21:59","2018/12/14 22:11",1042,1041
854,42,28,14,"2018/12/14 22:12","2018/12/14 22:40","2018/12/14 22:53",1043,1042
855,45,29,16,"2018/12/14 22:54","2018/12/14 23:23","2018/12/14 23:38",1044,1043
856,50,34,16,"2018/12/14 23:39","2018/12/15 0:13","2018/12/15 0:28",1045,1044
857,51,35,16,"2018/12/15 0:29","2018/12/15 1:04","2018/12/15 1:19",1046,1045
858,72,57,15,"2018/12/15 1:20","2018/12/15 2:17","2018/12/15 2:31",1047,1046
859,42,26,16,"2018/12/15 2:32","2018/12/15 2:58","2018/12/15 3:13",1048,1047
860,71,55,16,"2018/12/15 3:14","2018/12/15 4:09","2018/12/15 4:24",1049,1048
861,78,63,15,"2018/12/15 4:25","2018/12/15 5:28","2018/12/15 5:42",1050,1049
862,56,43,13,"2018/12/15 5:43","2018/12/15 6:26","2018/12/15 6:38",1051,1050
863,38,25,13,"2018/12/15 6:39","2018/12/15 7:04","2018/12/15 7:16",1052,1051
864,68,53,15,"2018/12/15 7:54","2018/12/15 8:47","2018/12/15 9:01",1054,1053
865,75,60,15,"2018/12/15 9:02","2018/12/15 10:02","2018/12/15 10:16",1055,1054
866,45,30,15,"2018/12/15 10:17","2018/12/15 10:47","2018/12/15 11:01",1056,1055
867,52,36,16,"2018/12/15 11:02","2018/12/15 11:38","2018/12/15 11:53",1057,1056
868,48,33,15,"2018/12/15 11:54","2018/12/15 12:27","2018/12/15 12:41",1058,1057
869,48,33,15,"2018/12/15 12:42","2018/12/15 13:15","2018/12/15 13:29",1059,1058
870,46,33,13,"2018/12/15 13:30","2018/12/15 14:03","2018/12/15 14:15",1060,1059
871,58,42,16,"2018/12/15 14:16","2018/12/15 14:58","2018/12/15 15:13",1061,1060
872,46,31,15,"2018/12/15 16:46","2018/12/15 17:17","2018/12/15 17:31",1063,1062
873,52,38,14,"2018/12/15 17:32","2018/12/15 18:10","2018/12/15 18:23",1064,1063
874,66,50,16,"2018/12/15 18:24","2018/12/15 19:14","2018/12/15 19:29",1065,1064
875,66,52,14,"2018/12/15 19:30","2018/12/15 20:22","2018/12/15 20:35",1066,1065
876,56,41,15,"2018/12/15 20:36","2018/12/15 21:17","2018/12/15 21:31",1067,1066
877,72,57,15,"2018/12/15 21:32","2018/12/15 22:29","2018/12/15 22:43",1068,1067
878,49,35,14,"2018/12/15 23:36","2018/12/16 0:11","2018/12/16 0:24",1071,1070
879,62,47,15,"2018/12/16 0:25","2018/12/16 1:12","2018/12/16 1:26",1072,1071
880,62,47,15,"2018/12/16 1:27","2018/12/16 2:14","2018/12/16 2:28",1073,1072
881,45,31,14,"2018/12/16 2:29","2018/12/16 3:00","2018/12/16 3:13",1074,1073
882,47,34,13,"2018/12/16 3:14","2018/12/16 3:48","2018/12/16 4:00",1075,1074
883,74,61,13,"2018/12/16 6:01","2018/12/16 7:02","2018/12/16 7:14",1078,1077
884,69,54,15,"2018/12/16 7:15","2018/12/16 8:09","2018/12/16 8:23",1079,1078
885,48,35,13,"2018/12/16 8:24","2018/12/16 8:59","2018/12/16 9:11",1080,1079
886,54,41,13,"2018/12/16 9:12","2018/12/16 9:53","2018/12/16 10:05",1081,1080
887,53,41,12,"2018/12/16 10:06","2018/12/16 10:47","2018/12/16 10:58",1082,1081
888,50,37,13,"2018/12/16 14:46","2018/12/16 15:23","2018/12/16 15:35",1085,1084
889,47,32,15,"2018/12/16 15:36","2018/12/16 16:08","2018/12/16 16:22",1086,1085
890,50,36,14,"2018/12/16 16:23","2018/12/16 16:59","2018/12/16 17:12",1087,1086
891,56,43,13,"2018/12/16 17:13","2018/12/16 17:56","2018/12/16 18:08",1088,1087
892,71,56,15,"2018/12/16 18:09","2018/12/16 19:05","2018/12/16 19:19",1089,1088
893,58,42,16,"2018/12/16 20:48","2018/12/16 21:30","2018/12/16 21:45",1091,1090
894,46,31,15,"2018/12/16 21:46","2018/12/16 22:17","2018/12/16 22:31",1092,1091
895,51,37,14,"2018/12/16 22:32","2018/12/16 23:09","2018/12/16 23:22",1093,1092
896,48,34,14,"2018/12/16 23:23","2018/12/16 23:57","2018/12/17 0:10",1094,1093
897,59,45,14,"2018/12/17 0:11","2018/12/17 0:56","2018/12/17 1:09",1095,1094
898,58,46,12,"2018/12/17 2:38","2018/12/17 3:24","2018/12/17 3:35",1097,1096
899,46,32,14,"2018/12/17 3:36","2018/12/17 4:08","2018/12/17 4:21",1098,1097
900,64,50,14,"2018/12/17 4:22","2018/12/17 5:12","2018/12/17 5:25",1099,1098
901,45,31,14,"2018/12/17 8:37","2018/12/17 9:08","2018/12/17 9:21",1104,1103
902,50,37,13,"2018/12/17 9:22","2018/12/17 9:59","2018/12/17 10:11",1105,1104
903,60,43,17,"2018/12/17 10:14","2018/12/17 10:57","2018/12/17 11:13",1107,1106
904,58,42,16,"2018/12/17 18:57","2018/12/17 19:39","2018/12/17 19:54",1113,1112
905,61,48,13,"2018/12/17 21:48","2018/12/17 22:36","2018/12/17 22:48",1115,1114
906,51,37,14,"2018/12/17 22:49","2018/12/17 23:26","2018/12/17 23:39",1116,1115
907,49,34,15,"2018/12/17 23:40","2018/12/18 0:14","2018/12/18 0:28",1117,1116
908,49,37,12,"2018/12/18 0:29","2018/12/18 1:06","2018/12/18 1:17",1118,1117
909,57,46,11,"2018/12/18 1:18","2018/12/18 2:04","2018/12/18 2:14",1119,1118
910,58,44,14,"2018/12/18 2:15","2018/12/18 2:59","2018/12/18 3:12",1120,1119
911,53,41,12,"2018/12/18 4:49","2018/12/18 5:30","2018/12/18 5:41",1122,1121
912,70,55,15,"2018/12/18 5:42","2018/12/18 6:37","2018/12/18 6:51",1123,1122
913,60,47,13,"2018/12/18 6:52","2018/12/18 7:39","2018/12/18 7:51",1124,1123
914,60,46,14,"2018/12/18 7:52","2018/12/18 8:38","2018/12/18 8:51",1125,1124
915,57,42,15,"2018/12/18 10:33","2018/12/18 11:15","2018/12/18 11:29",1127,1126
916,67,53,14,"2018/12/18 12:29","2018/12/18 13:22","2018/12/18 13:35",1130,1129
917,68,54,14,"2018/12/18 13:36","2018/12/18 14:30","2018/12/18 14:43",1131,1130
918,56,41,15,"2018/12/18 14:44","2018/12/18 15:25","2018/12/18 15:39",1132,1131
919,63,47,16,"2018/12/18 15:40","2018/12/18 16:27","2018/12/18 16:42",1133,1132
920,52,38,14,"2018/12/18 16:43","2018/12/18 17:21","2018/12/18 17:34",1134,1133
921,55,41,14,"2018/12/18 17:35","2018/12/18 18:16","2018/12/18 18:29",1135,1134
922,84,68,16,"2018/12/18 19:57","2018/12/18 21:05","2018/12/18 21:20",1137,1136
923,56,43,13,"2018/12/18 21:21","2018/12/18 22:04","2018/12/18 22:16",1138,1137
924,59,42,17,"2018/12/19 2:23","2018/12/19 3:05","2018/12/19 3:21",1144,1143
925,50,34,16,"2018/12/19 3:22","2018/12/19 3:56","2018/12/19 4:11",1145,1144
926,51,35,16,"2018/12/19 6:11","2018/12/19 6:46","2018/12/19 7:01",1147,1146
927,79,63,16,"2018/12/19 7:56","2018/12/19 8:59","2018/12/19 9:14",1150,1149
928,65,54,11,"2018/12/19 17:03","2018/12/19 17:57","2018/12/19 18:07",1152,1151
929,55,41,14,"2018/12/19 19:39","2018/12/19 20:20","2018/12/19 20:33",1154,1153
930,55,42,13,"2018/12/19 20:34","2018/12/19 21:16","2018/12/19 21:28",1155,1154
931,61,48,13,"2018/12/19 21:29","2018/12/19 22:17","2018/12/19 22:29",1156,1155
932,59,45,14,"2018/12/19 22:30","2018/12/19 23:15","2018/12/19 23:28",1157,1156
933,58,45,13,"2018/12/19 23:29","2018/12/20 0:14","2018/12/20 0:26",1158,1157
934,57,44,13,"2018/12/20 0:27","2018/12/20 1:11","2018/12/20 1:23",1159,1158
935,48,33,15,"2018/12/20 1:24","2018/12/20 1:57","2018/12/20 2:11",1160,1159
936,58,43,15,"2018/12/20 2:12","2018/12/20 2:55","2018/12/20 3:09",1161,1160
937,66,55,11,"2018/12/20 3:10","2018/12/20 4:05","2018/12/20 4:15",1162,1161
938,54,37,17,"2018/12/20 5:40","2018/12/20 6:17","2018/12/20 6:33",1165,1164
939,34,21,13,"2018/12/20 8:14","2018/12/20 8:35","2018/12/20 8:47",1169,1168
940,77,63,14,"2018/12/20 8:48","2018/12/20 9:51","2018/12/20 10:04",1170,1169
941,48,33,15,"2018/12/20 10:05","2018/12/20 10:38","2018/12/20 10:52",1171,1170
942,51,36,15,"2018/12/20 10:53","2018/12/20 11:29","2018/12/20 11:43",1172,1171
943,59,44,15,"2018/12/20 11:44","2018/12/20 12:28","2018/12/20 12:42",1173,1172
944,58,43,15,"2018/12/20 12:43","2018/12/20 13:26","2018/12/20 13:40",1174,1173
945,41,29,12,"2018/12/20 13:41","2018/12/20 14:10","2018/12/20 14:21",1175,1174
946,54,41,13,"2018/12/20 17:04","2018/12/20 17:45","2018/12/20 17:57",1180,1179
947,46,36,10,"2018/12/20 17:58","2018/12/20 18:34","2018/12/20 18:43",1181,1180
948,49,38,11,"2018/12/20 20:39","2018/12/20 21:17","2018/12/20 21:27",1184,1183
949,57,42,15,"2018/12/20 21:28","2018/12/20 22:10","2018/12/20 22:24",1185,1184
950,46,31,15,"2018/12/20 22:25","2018/12/20 22:56","2018/12/20 23:10",1186,1185
